-- phpMyAdmin SQL Dump
-- version 5.2.0
-- https://www.phpmyadmin.net/
--
-- Hôte : localhost:8889
-- Généré le : mer. 20 nov. 2024 à 19:21
-- Version du serveur : 5.7.39
-- Version de PHP : 8.2.0

SET SQL_MODE = "NO_AUTO_VALUE_ON_ZERO";
START TRANSACTION;
SET time_zone = "+00:00";


/*!40101 SET @OLD_CHARACTER_SET_CLIENT=@@CHARACTER_SET_CLIENT */;
/*!40101 SET @OLD_CHARACTER_SET_RESULTS=@@CHARACTER_SET_RESULTS */;
/*!40101 SET @OLD_COLLATION_CONNECTION=@@COLLATION_CONNECTION */;
/*!40101 SET NAMES utf8mb4 */;

--
-- Base de données : `planification_repas`
--

-- --------------------------------------------------------

--
-- Structure de la table `doctrine_migration_versions`
--

CREATE TABLE `doctrine_migration_versions` (
  `version` varchar(191) COLLATE utf8_unicode_ci NOT NULL,
  `executed_at` datetime DEFAULT NULL,
  `execution_time` int(11) DEFAULT NULL
) ENGINE=InnoDB DEFAULT CHARSET=utf8 COLLATE=utf8_unicode_ci;

--
-- Déchargement des données de la table `doctrine_migration_versions`
--

INSERT INTO `doctrine_migration_versions` (`version`, `executed_at`, `execution_time`) VALUES
('DoctrineMigrations\\Version20240311000000', '2024-11-07 09:29:46', 9),
('DoctrineMigrations\\Version20240311123456', '2024-11-07 09:34:49', 4),
('DoctrineMigrations\\Version20240311123457', NULL, NULL),
('DoctrineMigrations\\Version20241031153258', NULL, NULL),
('DoctrineMigrations\\Version20241103141006', NULL, NULL),
('DoctrineMigrations\\Version20241107123227', NULL, NULL),
('DoctrineMigrations\\Version20241107124429', NULL, NULL);

-- --------------------------------------------------------

--
-- Structure de la table `ingredient`
--

CREATE TABLE `ingredient` (
  `id` int(11) NOT NULL,
  `nom` varchar(255) COLLATE utf8mb4_unicode_ci DEFAULT NULL,
  `quantite_defaut` double DEFAULT NULL,
  `unite` varchar(255) COLLATE utf8mb4_unicode_ci DEFAULT NULL
) ENGINE=InnoDB DEFAULT CHARSET=utf8mb4 COLLATE=utf8mb4_unicode_ci;

--
-- Déchargement des données de la table `ingredient`
--

INSERT INTO `ingredient` (`id`, `nom`, `quantite_defaut`, `unite`) VALUES
(1, 'Ail en poudre (Gr)', 1, 'g'),
(2, 'Abondance (piece)', 1, 'piece'),
(3, 'Abricot (piece)', 1, 'piece'),
(4, 'Abricot au sirop (piece)', 1, 'piece'),
(5, 'Abricot dénoyauté cru (piece)', 1, 'piece'),
(6, 'Abricot sec (Gr)', 1, 'g'),
(7, 'Accra de poisson (Gr)', 1, 'g'),
(8, 'Agar-agar (Gr)', 1, 'g'),
(9, 'Agneau (Gr)', 1, 'g'),
(10, 'Agneau épaule (Gr)', 1, 'g'),
(11, 'Agneau gigot (Gr)', 1, 'g'),
(12, 'Ail cru (Gr)', 1, 'g'),
(13, 'Ail frais (Gr)', 1, 'g'),
(14, 'Ail poudre (Gr)', 1, 'g'),
(15, 'Alcool pur (Gr)', 1, 'g'),
(16, 'Allumettes de Bacon (Gr)', 1, 'g'),
(17, 'Allumettes de jambon (Gr)', 1, 'g'),
(18, 'Amande (Gr)', 1, 'g'),
(19, 'Amande grillée salée (Gr)', 1, 'g'),
(20, 'Amandes éffilées (Gr)', 1, 'g'),
(21, 'Amarante crue (Gr)', 1, 'g'),
(22, 'Amidon de maïs ou fécule de maïs (Gr)', 1, 'g'),
(23, 'Amidon de riz (Gr)', 1, 'g'),
(24, 'Ananas (Gr)', 1, 'g'),
(25, 'Ananas (Gr)', 1, 'g'),
(26, 'Anchois au sel (Gr)', 1, 'g'),
(27, 'Anchois commun cru (Gr)', 1, 'g'),
(28, 'Andouille (Gr)', 1, 'g'),
(29, 'Andouille de Guéméné (Gr)', 1, 'g'),
(30, 'Andouille de Vire (Gr)', 1, 'g'),
(31, 'Andouillette crue (Gr)', 1, 'g'),
(32, 'Andouillette de Troyes crue (Gr)', 1, 'g'),
(33, 'Aneth frais (Gr)', 1, 'g'),
(34, 'Anguille (Gr)', 1, 'g'),
(35, 'Ao-nori (Enteromorpha sp.) (Gr)', 1, 'g'),
(36, 'Aôme vanille (Gr)', 1, 'g'),
(37, 'Artichaut (Gr)', 1, 'g'),
(38, 'Artichaut coeur (Gr)', 1, 'g'),
(39, 'Artichaut fond (Gr)', 1, 'g'),
(40, 'Asiago (Gr)', 1, 'g'),
(41, 'Asperge (Gr)', 1, 'g'),
(42, 'Asperge blanche (Gr)', 1, 'g'),
(43, 'Asperge verte (Gr)', 1, 'g'),
(44, 'Asperge violette (Gr)', 1, 'g'),
(45, 'Aubergine (Gr)', 1, 'g'),
(46, 'Autruche (Gr)', 1, 'g'),
(47, 'Avocat (Gr)', 1, 'g'),
(48, 'Son d\'avoine (Gr)', 1, 'g'),
(49, 'Bacon (Gr)', 1, 'g'),
(50, 'Bagel (Gr)', 1, 'g'),
(51, 'Baie de goji (Gr)', 1, 'g'),
(52, 'Bambou pousses (Gr)', 1, 'g'),
(53, 'Banane (Gr)', 1, 'g'),
(54, 'Banane plantain crue (Gr)', 1, 'g'),
(55, 'Bar commun (Gr)', 1, 'g'),
(56, 'Barre à la noix de coco enrobée de chocolat (Gr)', 1, 'g'),
(57, 'Barre céréales aux amandes ou noisettes (Gr)', 1, 'g'),
(58, 'Barre céréales aux fruits (Gr)', 1, 'g'),
(59, 'Barre céréales chocolat (Gr)', 1, 'g'),
(60, 'Barre chocolat au lait avec nougat (Gr)', 1, 'g'),
(61, 'Barre chocolat aux fruits secs (Gr)', 1, 'g'),
(62, 'Basilic (Gr)', 1, 'g'),
(63, 'Basilic deshydraté (Gr)', 1, 'g'),
(64, 'Basilic frais (Gr)', 1, 'g'),
(65, 'Beaufort (Gr)', 1, 'g'),
(66, 'Beignet à la confiture (Gr)', 1, 'g'),
(67, 'Beignet de crevette (Gr)', 1, 'g'),
(68, 'Beignet de légumes (Gr)', 1, 'g'),
(69, 'Beignet de viande volaille ou poisson fait maison (Gr)', 1, 'g'),
(70, 'Bette ou blette (Gr)', 1, 'g'),
(71, 'Betterave rouge (Gr)', 1, 'g'),
(72, 'Beurre (Gr)', 1, 'g'),
(73, 'Beurre de cacahuète (Gr)', 1, 'g'),
(74, 'Beurre de cacao (Gr)', 1, 'g'),
(75, 'Bicarbonate de soude (CàC)', 1, 'cac'),
(76, 'Bicarbonate de soude alimentaire (Gr)', 1, 'g'),
(77, 'Biére (Gr)', 1, 'g'),
(78, 'Biscotte (Gr)', 1, 'g'),
(79, 'Biscotte compléte ou riche en fibres (Gr)', 1, 'g'),
(80, 'Biscuit apéritif (Gr)', 1, 'g'),
(81, 'Biscuit de Savoie (Gr)', 1, 'g'),
(82, 'Biscuit sec (Gr)', 1, 'g'),
(83, 'Biscuit sec  (Gr)', 1, 'g'),
(84, 'Biscuit sec aux fruits (Gr)', 1, 'g'),
(85, 'Biscuit sec avec nappage chocolat (Gr)', 1, 'g'),
(86, 'Biscuit sec avec tablette de chocolat (Gr)', 1, 'g'),
(87, 'Biscuit sec croquant au chocolat (Gr)', 1, 'g'),
(88, 'Biscuit sec nature (Gr)', 1, 'g'),
(89, 'Biscuit sec ou tuile aux amandes (Gr)', 1, 'g'),
(90, 'Biscuit sec pauvre en glucides (Gr)', 1, 'g'),
(91, 'Biscuit sec petit beurre (Gr)', 1, 'g'),
(92, 'Biscuit sec petit beurre au chocolat (Gr)', 1, 'g'),
(93, 'Biscuit sec petits fours en assortiment (Gr)', 1, 'g'),
(94, 'Biscuit sec pour petit déjeuner (Gr)', 1, 'g'),
(95, 'Biscuit sec pour petit déjeuner au chocolat (Gr)', 1, 'g'),
(96, 'Biscuit sec type langue de chat ou cigarette russe (Gr)', 1, 'g'),
(97, 'Biscuit sec type tuile aux fruits (Gr)', 1, 'g'),
(98, 'Blanc d\'oeuf (Gr)', 1, 'g'),
(99, 'Blanc de Dinde (Gr)', 1, 'g'),
(100, 'Blanc de poulet (Gr)', 1, 'g'),
(101, 'Blanquette de veau (Gr)', 1, 'g'),
(102, 'Blé de Khorasan cru (Gr)', 1, 'g'),
(103, 'Blé dur entier cru (Gr)', 1, 'g'),
(104, 'Blé dur précuit cuisiné en sachet micro-ondable (Gr)', 1, 'g'),
(105, 'Blé dur précuit entier cru (Gr)', 1, 'g'),
(106, 'Blé dur précuit grains entiers cuisiné (Gr)', 1, 'g'),
(108, 'Blé germé (Gr)', 1, 'g'),
(109, 'Bleu fromage (Gr)', 1, 'g'),
(110, 'Blinis (Gr)', 1, 'g'),
(111, 'Boeuf bavette d\'aloyau (Gr)', 1, 'g'),
(112, 'Boeuf boulettes surgelés (Gr)', 1, 'g'),
(113, 'Boeuf bourguignon (Gr)', 1, 'g'),
(114, 'Boeuf entrecôte (Gr)', 1, 'g'),
(115, 'Boeuf faux-filet cru (Gr)', 1, 'g'),
(116, 'Boeuf hampe crue (Gr)', 1, 'g'),
(117, 'Boeuf jarret (Gr)', 1, 'g'),
(118, 'Boeuf jarret cru (Gr)', 1, 'g'),
(119, 'Boeuf onglet cru (Gr)', 1, 'g'),
(120, 'Boeuf onglet grillé (Gr)', 1, 'g'),
(121, 'Boeuf paleron (Gr)', 1, 'g'),
(122, 'Boeuf paleron cru (Gr)', 1, 'g'),
(123, 'Boeuf rosbif (Gr)', 1, 'g'),
(124, 'Boeuf rumsteck cru (Gr)', 1, 'g'),
(125, 'Boeuf steak haché 20% MG cuit (Gr)', 1, 'g'),
(126, 'Boeuf steak haché 5% MG cuit (Gr)', 1, 'g'),
(127, 'Boeuf steak ou bifteck (Gr)', 1, 'g'),
(128, 'Boeuf tende de tranche (Gr)', 1, 'g'),
(129, 'Boisson au soja nature (Gr)', 1, 'g'),
(130, 'Boisson gazeuse aux fruits (Gr)', 1, 'g'),
(131, 'Boisson gazeuse nature (Gr)', 1, 'g'),
(132, 'Bonbon (Gr)', 1, 'g'),
(133, 'Bonbon dur et sucette (Gr)', 1, 'g'),
(134, 'Bonbons tout type (Gr)', 1, 'g'),
(135, 'Boudin blanc (Gr)', 1, 'g'),
(136, 'Boudin noir (Gr)', 1, 'g'),
(137, 'Bouillon de boeuf déshydraté (Gr)', 1, 'g'),
(138, 'Bouillon KUB OR (Gr)', 1, 'g'),
(139, 'Boulgour de blé (Gr)', 1, 'g'),
(140, 'Bouquet garni (Gr)', 1, 'g'),
(141, 'Bresaola (Gr)', 1, 'g'),
(142, 'Brick au boeuf (Gr)', 1, 'g'),
(143, 'Brie de Meaux (Gr)', 1, 'g'),
(144, 'Brie de Melun (Gr)', 1, 'g'),
(145, 'Brioche aux pépites de chocolat (Gr)', 1, 'g'),
(146, 'Brioche fourrée au chocolat (Gr)', 1, 'g'),
(147, 'Brioche pur beurre (Gr)', 1, 'g'),
(148, 'Brochet cru (Gr)', 1, 'g'),
(149, 'Brochette d\'agneau (Gr)', 1, 'g'),
(150, 'Brochette de boeuf (Gr)', 1, 'g'),
(151, 'Brochette de crevettes (Gr)', 1, 'g'),
(152, 'Brochette de poisson (Gr)', 1, 'g'),
(153, 'Brochette de porc crue (Gr)', 1, 'g'),
(154, 'Brochette de volaille (Gr)', 1, 'g'),
(155, 'Brochette mixte de viande (Gr)', 1, 'g'),
(156, 'Brocoli cru (Gr)', 1, 'g'),
(157, 'Brocoli cuit (Gr)', 1, 'g'),
(158, 'Brocoli surgeés (Gr)', 1, 'g'),
(159, 'Brownie au chocolat (Gr)', 1, 'g'),
(160, 'Brugnon (Gr)', 1, 'g'),
(161, 'Brugnon (piece)', 1, 'piece'),
(162, 'Bulot (Gr)', 1, 'g'),
(163, 'Burger au poisson (Gr)', 1, 'g'),
(164, 'Burger au poulet (Gr)', 1, 'g'),
(165, 'Burritos (Gr)', 1, 'g'),
(166, 'Cabillaud (Gr)', 1, 'g'),
(167, 'Cabillaud cru (Gr)', 1, 'g'),
(168, 'Cacahuète (Gr)', 1, 'g'),
(169, 'Cacao non sucré poudre soluble (Gr)', 1, 'g'),
(170, 'Café en grains (Gr)', 1, 'g'),
(171, 'Cake aux fruits (Gr)', 1, 'g'),
(172, 'Calamar (Gr)', 1, 'g'),
(173, 'Calmar ou encornet (Gr)', 1, 'g'),
(174, 'Camembert au lait cru (Gr)', 1, 'g'),
(175, 'Canard cuisse (Gr)', 1, 'g'),
(176, 'Canard magret cru (Gr)', 1, 'g'),
(177, 'Cancoillotte (Gr)', 1, 'g'),
(178, 'Canneberge ou cranberry crue (Gr)', 1, 'g'),
(179, 'Cannelle (Gr)', 1, 'g'),
(180, 'Cannelle poudre (Gr)', 1, 'g'),
(181, 'Cannelloni (Gr)', 1, 'g'),
(182, 'Cantal entre-deux (Gr)', 1, 'g'),
(183, 'Capre (Gr)', 1, 'g'),
(184, 'Cardine (Gr)', 1, 'g'),
(185, 'Carotte (Gr)', 1, 'g'),
(186, 'Carotte surgelées (Gr)', 1, 'g'),
(187, 'Carpaccio (Gr)', 1, 'g'),
(188, 'Carpe (Gr)', 1, 'g'),
(189, 'Cassis (Gr)', 1, 'g'),
(190, 'Cassoulet (Gr)', 1, 'g'),
(191, 'Caviar de tomates (Gr)', 1, 'g'),
(192, 'Céleri branche (Gr)', 1, 'g'),
(193, 'Céréales Sacha (Gr)', 1, 'g'),
(194, 'Céréales Zoé (Gr)', 1, 'g'),
(195, 'Cerfeuil frais (Gr)', 1, 'g'),
(196, 'Cerise (Gr)', 1, 'g'),
(197, 'Cervelas (Gr)', 1, 'g'),
(198, 'Cervelas obernois (Gr)', 1, 'g'),
(199, 'Cervelle agneau crue (Gr)', 1, 'g'),
(200, 'Chabichou (fromage de chèvre) (piece)', 1, 'piece'),
(201, 'Chair à saucisse crue (Gr)', 1, 'g'),
(202, 'Champagne (Gr)', 1, 'g'),
(203, 'Champignon  (Gr)', 1, 'g'),
(204, 'Champignon de Paris (Gr)', 1, 'g'),
(205, 'Champignon en boites (Gr)', 1, 'g'),
(206, 'Champignon frais (Gr)', 1, 'g'),
(207, 'Champignon Surgelés (Gr)', 1, 'g'),
(208, 'Champignon tout type cru (Gr)', 1, 'g'),
(209, 'Chaource (Gr)', 1, 'g'),
(210, 'Chapelure (Gr)', 1, 'g'),
(211, 'Chapon viande et peau cru (Gr)', 1, 'g'),
(212, 'Charcuterie (Gr)', 1, 'g'),
(213, 'Charlotte aux fruits (Gr)', 1, 'g'),
(214, 'Chausson aux pommes (Gr)', 1, 'g'),
(215, 'Cheddar (Gr)', 1, 'g'),
(216, 'Cheeseburger (Gr)', 1, 'g'),
(217, 'Chewing-gum sans sucre (Gr)', 1, 'g'),
(218, 'Chia graine (Gr)', 1, 'g'),
(219, 'Chili con carne (Gr)', 1, 'g'),
(220, 'Chinchard cru (Gr)', 1, 'g'),
(221, 'Chipolata crue (Gr)', 1, 'g'),
(222, 'Chips de crevette (Gr)', 1, 'g'),
(223, 'Chips de légumes (Gr)', 1, 'g'),
(224, 'Chips de pommes de terre (Gr)', 1, 'g'),
(225, 'Chips de pommes de terre petit paquet (Gr)', 1, 'g'),
(226, 'Chocolat 78% (Gr)', 1, 'g'),
(227, 'Chocolat noir 85% (Gr)', 1, 'g'),
(228, 'Chocolat noir 90% (Gr)', 1, 'g'),
(229, 'Chocolat noir 70% cacao (Gr)', 1, 'g'),
(230, 'Chocolat noir aux fruits (orange framboise poire) tablette (Gr)', 1, 'g'),
(231, 'Chocolat noir aux fruits secs (noisettes amandes raisins praline) tablette (Gr)', 1, 'g'),
(232, 'Chorizo (Gr)', 1, 'g'),
(233, 'Chou blanc cru (Gr)', 1, 'g'),
(234, 'Chou brocoli (Gr)', 1, 'g'),
(235, 'Chou chinois (Gr)', 1, 'g'),
(236, 'Chou de Bruxelles (Gr)', 1, 'g'),
(237, 'Chou farci (Gr)', 1, 'g'),
(238, 'Chou romanesco (Gr)', 1, 'g'),
(239, 'Chou rouge (Gr)', 1, 'g'),
(240, 'Chou vert (Gr)', 1, 'g'),
(241, 'Chou-fleur (Gr)', 1, 'g'),
(242, 'Chou-fleur surgelé (Gr)', 1, 'g'),
(244, 'Chou-rave (Gr)', 1, 'g'),
(245, 'Choucroute garnie (Gr)', 1, 'g'),
(246, 'Chouquette (Gr)', 1, 'g'),
(247, 'Choux fleur (Gr)', 1, 'g'),
(248, 'Ciboulette (Gr)', 1, 'g'),
(249, 'Cidre brut (Gr)', 1, 'g'),
(250, 'Cidre doux (Gr)', 1, 'g'),
(251, 'Cidre traditionnel (Gr)', 1, 'g'),
(252, 'Citron (Gr)', 1, 'g'),
(253, 'Citron vert ou Lime pulpe cru (Gr)', 1, 'g'),
(254, 'Citrouille (Gr)', 1, 'g'),
(255, 'Clémentine (Gr)', 1, 'g'),
(256, 'Clou de girofle (Gr)', 1, 'g'),
(257, 'Coca Cola (Gr)', 1, 'g'),
(258, 'Cocktail type punch 16% alcool (Gr)', 1, 'g'),
(259, 'Coeur de palmier (Gr)', 1, 'g'),
(260, 'Coing cru (Gr)', 1, 'g'),
(261, 'Compote de pomme (Gr)', 1, 'g'),
(262, 'Compote de pomme (SSA) (Gr)', 1, 'g'),
(263, 'Compote tout type de fruits (Gr)', 1, 'g'),
(264, 'Comté (Gr)', 1, 'g'),
(265, 'Concentré de tomate (Gr)', 1, 'g'),
(266, 'Concombre (Gr)', 1, 'g'),
(267, 'Confit de canard (Gr)', 1, 'g'),
(268, 'Congre (Gr)', 1, 'g'),
(269, 'Coppa (Gr)', 1, 'g'),
(270, 'Coquille Saint-Jacques noix (Gr)', 1, 'g'),
(271, 'Cordon bleu (maitre coq) (Gr)', 1, 'g'),
(272, 'Coriandre (Gr)', 1, 'g'),
(273, 'Cornichon (Gr)', 1, 'g'),
(274, 'Coulis de tomate (Gr)', 1, 'g'),
(275, 'Coulommiers (Gr)', 1, 'g'),
(276, 'Courge (Gr)', 1, 'g'),
(277, 'Courge butternut (Gr)', 1, 'g'),
(278, 'Courgette (Gr)', 1, 'g'),
(279, 'Court-bouillon (Gr)', 1, 'g'),
(280, 'Couscous (semoule de blé dur) (Gr)', 1, 'g'),
(281, 'Crabe cru (Gr)', 1, 'g'),
(282, 'Crème chantilly (Gr)', 1, 'g'),
(283, 'Crème de cassis (Gr)', 1, 'g'),
(284, 'Crème de coco (Gr)', 1, 'g'),
(285, 'Crème de marrons (Gr)', 1, 'g'),
(286, 'Crème de soja (Gr)', 1, 'g'),
(287, 'Crème liquide (Gr)', 1, 'g'),
(288, 'Crèpe dentelle (Gr)', 1, 'g'),
(289, 'Crevette (Gr)', 1, 'g'),
(290, 'Crevette rose (Gr)', 1, 'g'),
(291, 'Croissant au beurre artisanal (Gr)', 1, 'g'),
(292, 'Croque-madame (Gr)', 1, 'g'),
(293, 'Croque-monsieur (Gr)', 1, 'g'),
(294, 'Crosne (Gr)', 1, 'g'),
(295, 'Crottin de chèvre (Gr)', 1, 'g'),
(296, 'Croutons (Gr)', 1, 'g'),
(297, 'Crumble aux pommes (Gr)', 1, 'g'),
(298, 'Cucurbitacées (Gr)', 1, 'g'),
(299, 'Cuisse de poulet (Gr)', 1, 'g'),
(300, 'Cumin graine (Gr)', 1, 'g'),
(301, 'Curcuma poudre (Gr)', 1, 'g'),
(302, 'Curcurma (Gr)', 1, 'g'),
(303, 'Curry (Gr)', 1, 'g'),
(304, 'Curry poudre (Gr)', 1, 'g'),
(305, 'Datte pulpe et peau séche (Gr)', 1, 'g'),
(306, 'Dés de jambon (Gr)', 1, 'g'),
(307, 'Dinde (Gr)', 1, 'g'),
(308, 'Dinde cuisse (Gr)', 1, 'g'),
(309, 'Dinde escalope (Gr)', 1, 'g'),
(310, 'Diot (Gr)', 1, 'g'),
(311, 'Dorade (Gr)', 1, 'g'),
(312, 'Dulse (Palmaria palmata) (Gr)', 1, 'g'),
(313, 'Echalote crue (Gr)', 1, 'g'),
(314, 'Echalotte (piece)', 1, 'piece'),
(315, 'Edam (Gr)', 1, 'g'),
(316, 'Eglefin (Gr)', 1, 'g'),
(317, 'Emmental ou emmenthal (Gr)', 1, 'g'),
(318, 'Empereur filet (Gr)', 1, 'g'),
(319, 'Endive crue (Gr)', 1, 'g'),
(320, 'Endives (Gr)', 1, 'g'),
(321, 'Epeautre (Gr)', 1, 'g'),
(322, 'Epices mexicain (Gr)', 1, 'g'),
(323, 'Epinard surgelé (Gr)', 1, 'g'),
(324, 'Epinards a la creme (Gr)', 1, 'g'),
(325, 'Epinards frais (Gr)', 1, 'g'),
(326, 'Epinards Surgelés (Gr)', 1, 'g'),
(327, 'Epoisses (Gr)', 1, 'g'),
(328, 'Escargot (Gr)', 1, 'g'),
(329, 'Espadon cru (Gr)', 1, 'g'),
(330, 'Estragon (Gr)', 1, 'g'),
(331, 'Estragon frais (Gr)', 1, 'g'),
(332, 'Esturgeon (Gr)', 1, 'g'),
(333, 'Faisan (Gr)', 1, 'g'),
(334, 'Faisselle (Gr)', 1, 'g'),
(335, 'Fajitas (Gr)', 1, 'g'),
(336, 'Farine (Gr)', 1, 'g'),
(337, 'Farine d\'épeautre (Gr)', 1, 'g'),
(338, 'Farine d\'orge (Gr)', 1, 'g'),
(339, 'Farine de blè tendre (Gr)', 1, 'g'),
(340, 'Farine de chataigne (Gr)', 1, 'g'),
(341, 'Farine de maïs (Gr)', 1, 'g'),
(342, 'Farine de millet (Gr)', 1, 'g'),
(343, 'Farine de pois chiche (Gr)', 1, 'g'),
(344, 'Farine de riz (Gr)', 1, 'g'),
(345, 'Farine de sarrasin (Gr)', 1, 'g'),
(346, 'Farine de seigle (Gr)', 1, 'g'),
(347, 'Farine de soja (Gr)', 1, 'g'),
(348, 'Fécule de pomme de terre (Gr)', 1, 'g'),
(349, 'Fenouil cru (Gr)', 1, 'g'),
(350, 'Feta salakis (Gr)', 1, 'g'),
(351, 'Feuille de brick (Gr)', 1, 'g'),
(352, 'Ficelle picarde (Gr)', 1, 'g'),
(353, 'Figue crue (Gr)', 1, 'g'),
(354, 'Figue séche (Gr)', 1, 'g'),
(355, 'Filet de bacon (Gr)', 1, 'g'),
(356, 'Filet de dinde (Gr)', 1, 'g'),
(357, 'Filet de sardine (Gr)', 1, 'g'),
(358, 'Filet de saumon (Gr)', 1, 'g'),
(359, 'Flageolet (Gr)', 1, 'g'),
(360, 'Flan de légumes (Gr)', 1, 'g'),
(361, 'Flétan (Gr)', 1, 'g'),
(362, 'Fleur de sel (Gr)', 1, 'g'),
(363, 'Flocon d\'avoine (Gr)', 1, 'g'),
(364, 'Foie agneau (Gr)', 1, 'g'),
(365, 'Foie canard (Gr)', 1, 'g'),
(366, 'Foie de lotte (Gr)', 1, 'g'),
(367, 'Foie de morue (Gr)', 1, 'g'),
(368, 'Foie dinde cru (Gr)', 1, 'g'),
(369, 'Foie gras canard bloc (Gr)', 1, 'g'),
(370, 'Foie lapin (Gr)', 1, 'g'),
(371, 'Foie oie (Gr)', 1, 'g'),
(372, 'Foie porc (Gr)', 1, 'g'),
(373, 'Foie porc  (Gr)', 1, 'g'),
(374, 'Foie poulet (Gr)', 1, 'g'),
(375, 'Foie poulet  (Gr)', 1, 'g'),
(376, 'Foie veau (Gr)', 1, 'g'),
(377, 'Foie veau  (Gr)', 1, 'g'),
(378, 'Foie volaille (Gr)', 1, 'g'),
(379, 'Fond brun (Gr)', 1, 'g'),
(380, 'Fond de veau  (Gr)', 1, 'g'),
(381, 'Fondue de poireau (Gr)', 1, 'g'),
(382, 'Fougasse garnie (Gr)', 1, 'g'),
(383, 'Fourme d\'Ambert (Gr)', 1, 'g'),
(384, 'Fourme de Montbrison (Gr)', 1, 'g'),
(385, 'Fraise (Gr)', 1, 'g'),
(386, 'Fraisier ou framboisier (Gr)', 1, 'g'),
(387, 'Framboise (Gr)', 1, 'g'),
(388, 'Framboise surgelée (Gr)', 1, 'g'),
(389, 'Fromage blanc 0% (Gr)', 1, 'g'),
(390, 'Fromage bleu d\'Auvergne (Gr)', 1, 'g'),
(391, 'Fromage bleu de Bresse (Gr)', 1, 'g'),
(392, 'Fromage de brebis (Gr)', 1, 'g'),
(393, 'Fromage de chèvre buche (Gr)', 1, 'g'),
(394, 'Fromage fondu en tranchettes (Gr)', 1, 'g'),
(395, 'Fromage tomme de brebis (Gr)', 1, 'g'),
(396, 'Fromage type feta au lait de vache (Gr)', 1, 'g'),
(397, 'Fruit confit (Gr)', 1, 'g'),
(398, 'Fruit de la passion (Gr)', 1, 'g'),
(399, 'Fruits de mer (Gr)', 1, 'g'),
(400, 'Fruits de mer cuits surgelés (Gr)', 1, 'g'),
(401, 'Fruits rouges (framboises fraises groseilles cassis) (Gr)', 1, 'g'),
(402, 'Galette (Gr)', 1, 'g'),
(403, 'Galette de pomme de terre (Gr)', 1, 'g'),
(404, 'Galette de riz soufflé complet (Gr)', 1, 'g'),
(405, 'Gélatine (Gr)', 1, 'g'),
(406, 'Génoise (Gr)', 1, 'g'),
(407, 'Germe de blé (Gr)', 1, 'g'),
(408, 'Gésier canard (Gr)', 1, 'g'),
(409, 'Gésier poulet cru (Gr)', 1, 'g'),
(410, 'Gin (Gr)', 1, 'g'),
(411, 'Gingembre (Gr)', 1, 'g'),
(412, 'Gingembre poudre (Gr)', 1, 'g'),
(413, 'Gingembre racine crue (Gr)', 1, 'g'),
(414, 'Gnocchi (Gr)', 1, 'g'),
(415, 'Gomme de guar (Gr)', 1, 'g'),
(416, 'Gorgonzola (Gr)', 1, 'g'),
(417, 'Gouda (Gr)', 1, 'g'),
(418, 'Gousse d\'ail (Gr)', 1, 'g'),
(419, 'Goyave (Gr)', 1, 'g'),
(420, 'Graines de lin (Gr)', 1, 'g'),
(421, 'Graisse d\'oie (Gr)', 1, 'g'),
(422, 'Graisse de canard (Gr)', 1, 'g'),
(423, 'Graisse de dinde (Gr)', 1, 'g'),
(424, 'Graisse de poulet (Gr)', 1, 'g'),
(425, 'Grenade (Gr)', 1, 'g'),
(426, 'Grenouille cuisse (Gr)', 1, 'g'),
(427, 'Gressins (Gr)', 1, 'g'),
(428, 'Griotte (Gr)', 1, 'g'),
(429, 'Grondin (Gr)', 1, 'g'),
(430, 'Gros sel (Gr)', 1, 'g'),
(431, 'Groseille (Gr)', 1, 'g'),
(432, 'Groseille à maquereau (Gr)', 1, 'g'),
(433, 'Gruyère (Gr)', 1, 'g'),
(434, 'Guimauve (Gr)', 1, 'g'),
(435, 'Haddock (Gr)', 1, 'g'),
(436, 'Hamburger surgelés (Gr)', 1, 'g'),
(437, 'Hareng (Gr)', 1, 'g'),
(438, 'Haricot beurre (Gr)', 1, 'g'),
(439, 'Haricot blanc (Gr)', 1, 'g'),
(440, 'Haricot de mer (Gr)', 1, 'g'),
(441, 'Haricot mungo (Gr)', 1, 'g'),
(442, 'Haricot plat (Gr)', 1, 'g'),
(443, 'Haricot rouge (Gr)', 1, 'g'),
(444, 'Haricot vert en boite (Gr)', 1, 'g'),
(445, 'Haricot vert stérilisés (Gr)', 1, 'g'),
(446, 'Haricot vert surgelés (Gr)', 1, 'g'),
(447, 'Haricots blancs (Gr)', 1, 'g'),
(448, 'Harissa (sauce condimentaire) (Gr)', 1, 'g'),
(449, 'Herbes aromatiques (Gr)', 1, 'g'),
(450, 'Herbes de provence (Gr)', 1, 'g'),
(451, 'Hoki (Gr)', 1, 'g'),
(452, 'Homard (Gr)', 1, 'g'),
(453, 'Hot-dog (Gr)', 1, 'g'),
(454, 'Houmous (Gr)', 1, 'g'),
(455, 'Huile (Gr)', 1, 'g'),
(456, 'Huile d\'amande (Gr)', 1, 'g'),
(457, 'Huile d\'amandes d\'abricot (Gr)', 1, 'g'),
(458, 'Huile d\'arachide (Gr)', 1, 'g'),
(459, 'Huile d\'argan ou d\'argane (Gr)', 1, 'g'),
(460, 'Huile d\'avocat (Gr)', 1, 'g'),
(461, 'Huile d\'olive (Gr)', 1, 'g'),
(462, 'Huile d\'olive vierge extra (Gr)', 1, 'g'),
(463, 'Huile de carthame (Gr)', 1, 'g'),
(464, 'Huile de coco (Gr)', 1, 'g'),
(465, 'Huile de colza (Gr)', 1, 'g'),
(466, 'Huile de coton (Gr)', 1, 'g'),
(467, 'Huile de foie de morue (Gr)', 1, 'g'),
(468, 'Huile de germe de blé (Gr)', 1, 'g'),
(469, 'Huile de hareng (Gr)', 1, 'g'),
(470, 'Huile de lin (Gr)', 1, 'g'),
(471, 'Huile de maïs (Gr)', 1, 'g'),
(472, 'Huile de noisette (Gr)', 1, 'g'),
(473, 'Huile de noix (Gr)', 1, 'g'),
(474, 'Huile de palme (Gr)', 1, 'g'),
(475, 'Huile de paraffine (Gr)', 1, 'g'),
(476, 'Huile de pépins de raisin (Gr)', 1, 'g'),
(477, 'Huile de sardine (Gr)', 1, 'g'),
(478, 'Huile de saumon (Gr)', 1, 'g'),
(479, 'Huile de sésame (Gr)', 1, 'g'),
(480, 'Huile de soja (Gr)', 1, 'g'),
(481, 'Huile de tournesol (Gr)', 1, 'g'),
(482, 'Huile isio 4 (Gr)', 1, 'g'),
(483, 'Huile pour friture (Gr)', 1, 'g'),
(484, 'Huile végétale (Gr)', 1, 'g'),
(485, 'Huitre creuse (Gr)', 1, 'g'),
(486, 'Huitre plate (Gr)', 1, 'g'),
(487, 'Jambon (Gr)', 1, 'g'),
(488, 'Jambon blanc (Gr)', 1, 'g'),
(489, 'Jambon cru (Gr)', 1, 'g'),
(490, 'Jambon cru fumé (Gr)', 1, 'g'),
(491, 'Jambon cuit (Gr)', 1, 'g'),
(492, 'Jambon cuit fumé (Gr)', 1, 'g'),
(493, 'Jambon de Bayonne (Gr)', 1, 'g'),
(494, 'Jambon de dinde ou Blanc de dinde en tranche (Gr)', 1, 'g'),
(495, 'Jambon de poulet ou Blanc de poulet en tranche (Gr)', 1, 'g'),
(496, 'Jambon persillé en gelée (Gr)', 1, 'g'),
(497, 'Jambon sec (Gr)', 1, 'g'),
(498, 'Jambon sec de Parme (Gr)', 1, 'g'),
(499, 'Jambon sec Serrano (Gr)', 1, 'g'),
(500, 'Jambonneau cuit (Gr)', 1, 'g'),
(501, 'Julienne ou brunoise de légumes surgelée (Gr)', 1, 'g'),
(502, 'Julienne ou Lingue (Gr)', 1, 'g'),
(503, 'Jus d\'ananas (Gr)', 1, 'g'),
(504, 'Jus d\'orange (Gr)', 1, 'g'),
(505, 'Jus de carotte (Gr)', 1, 'g'),
(506, 'Jus de citron (Gr)', 1, 'g'),
(507, 'Jus de citron vert (Gr)', 1, 'g'),
(508, 'Jus de fruit (Gr)', 1, 'g'),
(509, 'Jus de fruit de la passion (Gr)', 1, 'g'),
(510, 'Jus de grenade frais (Gr)', 1, 'g'),
(511, 'Jus de grenade pur jus (Gr)', 1, 'g'),
(512, 'Jus de mangue frais (Gr)', 1, 'g'),
(513, 'Jus de pamplemousse (Gr)', 1, 'g'),
(514, 'Jus de pomme (Gr)', 1, 'g'),
(515, 'Jus de pruneau (Gr)', 1, 'g'),
(516, 'Jus de raisin (Gr)', 1, 'g'),
(517, 'Jus de tomate (Gr)', 1, 'g'),
(518, 'Jus multifruit (Gr)', 1, 'g'),
(519, 'Kaki (Gr)', 1, 'g'),
(520, 'Ketchup (Gr)', 1, 'g'),
(521, 'Kiwi (Gr)', 1, 'g'),
(522, 'Kombu breton (Laminaria digitata) (Gr)', 1, 'g'),
(523, 'Kombu royal (Saccharina latissima) (Gr)', 1, 'g'),
(524, 'Kouign Amann (Gr)', 1, 'g'),
(525, 'Lait concentré non sucré (Gr)', 1, 'g'),
(526, 'Lait concentré sucré (Gr)', 1, 'g'),
(527, 'Lait d\'amande (Gr)', 1, 'g'),
(528, 'Lait de brebis (Gr)', 1, 'g'),
(529, 'Lait de chèvre (Gr)', 1, 'g'),
(530, 'Lait de coco (Centilitres)', 1, 'cl'),
(531, 'Lait de Soja (Gr)', 1, 'g'),
(532, 'Lait Demi écrémé (Gr)', 1, 'g'),
(533, 'Lait écrémé (Gr)', 1, 'g'),
(534, 'Lait entier UHT (Gr)', 1, 'g'),
(535, 'Laitue (Gr)', 1, 'g'),
(536, 'Laitue de mer (Ulva sp.) (Gr)', 1, 'g'),
(537, 'Laitue iceberg (Gr)', 1, 'g'),
(538, 'Laitue romaine (Gr)', 1, 'g'),
(539, 'Langouste (Gr)', 1, 'g'),
(540, 'Langoustine (Gr)', 1, 'g'),
(541, 'Langres (Gr)', 1, 'g'),
(542, 'Langue boeuf (Gr)', 1, 'g'),
(543, 'Langue porc (Gr)', 1, 'g'),
(544, 'Langue veau (Gr)', 1, 'g'),
(545, 'Lapin (Gr)', 1, 'g'),
(546, 'Lardon fumé (Gr)', 1, 'g'),
(547, 'Lardon nature (Gr)', 1, 'g'),
(548, 'Lasagnes (Gr)', 1, 'g'),
(549, 'Laurier feuille (Gr)', 1, 'g'),
(550, 'Légumes aux choix (Gr)', 1, 'g'),
(551, 'Légumes surgelés (Gr)', 1, 'g'),
(552, 'Lentilles corails (Gr)', 1, 'g'),
(553, 'Lentilles vertes (Gr)', 1, 'g'),
(554, 'Levure (Gr)', 1, 'g'),
(555, 'Levure chimique (Gr)', 1, 'g'),
(556, 'Levure de boulanger (Gr)', 1, 'g'),
(557, 'Liégeois (Gr)', 1, 'g'),
(558, 'Lieu jaune ou colin (Gr)', 1, 'g'),
(559, 'Lieu noir (Gr)', 1, 'g'),
(560, 'Limande crue (Gr)', 1, 'g'),
(561, 'Limande-sole (Gr)', 1, 'g'),
(562, 'Lin brun graine (Gr)', 1, 'g'),
(563, 'Lin graine (Gr)', 1, 'g'),
(564, 'Lingue bleue ou Lingue (Gr)', 1, 'g'),
(565, 'Litchi (Gr)', 1, 'g'),
(566, 'Livarot (Gr)', 1, 'g'),
(567, 'Lotte (Gr)', 1, 'g'),
(568, 'Lupin graine (Gr)', 1, 'g'),
(569, 'Luzerne graine (Gr)', 1, 'g'),
(570, 'Madeleine gateaux (Gr)', 1, 'g'),
(571, 'Maïs (Gr)', 1, 'g'),
(572, 'Maïs doux boite (Gr)', 1, 'g'),
(573, 'Maïs doux surgelé (Gr)', 1, 'g'),
(574, 'Maizzena (Gr)', 1, 'g'),
(575, 'Mandarine (Gr)', 1, 'g'),
(576, 'Mangue (Gr)', 1, 'g'),
(577, 'Manioc racine (Gr)', 1, 'g'),
(578, 'Maquereau au naturel (Gr)', 1, 'g'),
(579, 'Marmelade d\'orange (Gr)', 1, 'g'),
(580, 'Maroilles (Gr)', 1, 'g'),
(581, 'Marron glacé (Gr)', 1, 'g'),
(582, 'Marsala aux oeufs (Gr)', 1, 'g'),
(583, 'Marshmallow (Gr)', 1, 'g'),
(584, 'Mascarpone (Gr)', 1, 'g'),
(585, 'Mayonnaise (Gr)', 1, 'g'),
(586, 'Melon (Gr)', 1, 'g'),
(587, 'Merguez boeuf mouton (Gr)', 1, 'g'),
(588, 'Meringue (Gr)', 1, 'g'),
(589, 'Merlan cru (Gr)', 1, 'g'),
(590, 'Merlu (Gr)', 1, 'g'),
(591, 'Merlu filet surgelé (Gr)', 1, 'g'),
(592, 'Miel (Gr)', 1, 'g'),
(593, 'Mille-feuille (Gr)', 1, 'g'),
(594, 'Mimolette demi-vieille (Gr)', 1, 'g'),
(595, 'Mimolette extra-vieille (Gr)', 1, 'g'),
(596, 'Mimolette jeune (Gr)', 1, 'g'),
(597, 'Miso (Gr)', 1, 'g'),
(598, 'Mix de graines variées (Gr)', 1, 'g'),
(599, 'Mont d\'or (Gr)', 1, 'g'),
(600, 'Morbier (Gr)', 1, 'g'),
(601, 'Mortadelle (Gr)', 1, 'g'),
(602, 'Morue salée (Gr)', 1, 'g'),
(603, 'Moule (Gr)', 1, 'g'),
(604, 'Moussaka (Gr)', 1, 'g'),
(605, 'Mousse au chocolat (Gr)', 1, 'g'),
(606, 'Mousse de canard (Gr)', 1, 'g'),
(607, 'Mousse de foie de porc (Gr)', 1, 'g'),
(608, 'Moutarde (Gr)', 1, 'g'),
(609, 'Moutarde à l\'ancienne (Gr)', 1, 'g'),
(610, 'Mozzarella (Gr)', 1, 'g'),
(611, 'Muesli (Gr)', 1, 'g'),
(612, 'Mulet cru (Gr)', 1, 'g'),
(613, 'Munster (Gr)', 1, 'g'),
(614, 'Mûres (Gr)', 1, 'g'),
(615, 'Museau de boeuf (Gr)', 1, 'g'),
(616, 'Myrtille (Gr)', 1, 'g'),
(617, 'Myrtille surgelée (Gr)', 1, 'g'),
(618, 'Navarin d\'agneau (Gr)', 1, 'g'),
(619, 'Navet (Gr)', 1, 'g'),
(620, 'Nectar d\'abricot (Gr)', 1, 'g'),
(621, 'Nectar d\'orange (Gr)', 1, 'g'),
(622, 'Nectar de banane (Gr)', 1, 'g'),
(623, 'Nectar de fruit de la passion ou maracuja (Gr)', 1, 'g'),
(624, 'Nectar de goyave (Gr)', 1, 'g'),
(625, 'Nectar de mangue (Gr)', 1, 'g'),
(626, 'Nectar de papaye (Gr)', 1, 'g'),
(627, 'Nectar de peche (Gr)', 1, 'g'),
(628, 'Nectar de poire (Gr)', 1, 'g'),
(629, 'Nectar multifruit multivitaminé (Gr)', 1, 'g'),
(630, 'Nectarine (Gr)', 1, 'g'),
(631, 'Nem au porc (Gr)', 1, 'g'),
(632, 'Nem au poulet (Gr)', 1, 'g'),
(633, 'Nem aux crevettes et/ou au crabe (Gr)', 1, 'g'),
(634, 'Neufchatel (Gr)', 1, 'g'),
(635, 'Noisettes (piece)', 1, 'piece'),
(636, 'Noix (Gr)', 1, 'g'),
(637, 'Noix (piece)', 1, 'piece'),
(638, 'Noix de cajou (Gr)', 1, 'g'),
(639, 'Noix de coco (Gr)', 1, 'g'),
(640, 'Noix de coco rapée (Gr)', 1, 'g'),
(641, 'Noix de macadamia (Gr)', 1, 'g'),
(642, 'Noix de muscade (Gr)', 1, 'g'),
(643, 'Noix de pécan (Gr)', 1, 'g'),
(644, 'Noix du Brésil (Gr)', 1, 'g'),
(645, 'Nori (Porphyra sp.) (Gr)', 1, 'g'),
(646, 'Nougat glacé (Gr)', 1, 'g'),
(647, 'Nouilles asiatiques (Gr)', 1, 'g'),
(648, 'Oeuf d\'oie (Gr)', 1, 'g'),
(649, 'Oeuf de caille (Gr)', 1, 'g'),
(650, 'Oeuf de cane (Gr)', 1, 'g'),
(651, 'Oeuf de dinde (Gr)', 1, 'g'),
(652, 'Oeufs (piece)', 1, 'piece'),
(653, 'Oignon (Gr)', 1, 'g'),
(654, 'Oignon rouge (Gr)', 1, 'g'),
(655, 'Oléagineux (Gr)', 1, 'g'),
(656, 'Omelette norvégienne (Gr)', 1, 'g'),
(657, 'Orange (Gr)', 1, 'g'),
(658, 'Oreille de porc (Gr)', 1, 'g'),
(659, 'Origan (Gr)', 1, 'g'),
(660, 'Ormeau (Gr)', 1, 'g'),
(661, 'Oseille (Gr)', 1, 'g'),
(662, 'Osso buco (Gr)', 1, 'g'),
(663, 'Pain au son (Gr)', 1, 'g'),
(664, 'Pain aux graines (Gr)', 1, 'g'),
(665, 'Pain baguette tradition (Gr)', 1, 'g'),
(666, 'Pain burger au blé complet (Gr)', 1, 'g'),
(667, 'Pain d\'épices (Gr)', 1, 'g'),
(668, 'Pain de campagne (Gr)', 1, 'g'),
(669, 'Pain de mie (Gr)', 1, 'g'),
(670, 'Pain de mie complet (Gr)', 1, 'g'),
(671, 'Pain de mie multicéréale (Gr)', 1, 'g'),
(672, 'Pain de seigle et froment (Gr)', 1, 'g'),
(674, 'Pain pita (Gr)', 1, 'g'),
(675, 'Pain pour hamburger (Gr)', 1, 'g'),
(676, 'Palet breton (Gr)', 1, 'g'),
(677, 'Palet ou galette de légumes surgelé (Gr)', 1, 'g'),
(678, 'Pamplemousse (Gr)', 1, 'g'),
(679, 'Panais (Gr)', 1, 'g'),
(680, 'Panna cotta (Gr)', 1, 'g'),
(681, 'Panure (Gr)', 1, 'g'),
(682, 'Papaye (Gr)', 1, 'g'),
(683, 'Paprika (Gr)', 1, 'g'),
(684, 'Parmesan (Gr)', 1, 'g'),
(686, 'Pastèque (Gr)', 1, 'g'),
(687, 'Pastis (Gr)', 1, 'g'),
(688, 'Patate douce (Gr)', 1, 'g'),
(689, 'Patates nouvelles (Gr)', 1, 'g'),
(690, 'Pâte de fruits (Gr)', 1, 'g'),
(691, 'Pâte feuilletée (Gr)', 1, 'g'),
(692, 'Pâte sablée (Gr)', 1, 'g'),
(693, 'Pâtes complètes (Gr)', 1, 'g'),
(694, 'Paupiette de veau (Gr)', 1, 'g'),
(695, 'Paupiette de volaille (Gr)', 1, 'g'),
(696, 'Pavot graine (Gr)', 1, 'g'),
(697, 'Perche filet (Gr)', 1, 'g'),
(698, 'Persil (Gr)', 1, 'g'),
(699, 'Persil séché (Gr)', 1, 'g'),
(700, 'Pesto (Gr)', 1, 'g'),
(701, 'Petit pois en boites (Gr)', 1, 'g'),
(702, 'Petit pois surgelés (Gr)', 1, 'g'),
(703, 'Petit salé (Gr)', 1, 'g'),
(704, 'Petit suisse (Gr)', 1, 'g'),
(705, 'Petits pains grillés blé complet (Gr)', 1, 'g'),
(706, 'Petits pois  (Gr)', 1, 'g'),
(707, 'Petits pois et carottes (Gr)', 1, 'g'),
(708, 'Petits pois surgelés (Gr)', 1, 'g'),
(709, 'Pickles (Gr)', 1, 'g'),
(710, 'Pied de porc demi-sel (Gr)', 1, 'g'),
(711, 'Pigeon (Gr)', 1, 'g'),
(712, 'Pignon de pin (Gr)', 1, 'g'),
(713, 'Piment cru (Gr)', 1, 'g'),
(714, 'Piment doux (Gr)', 1, 'g'),
(715, 'Piment en poudre (Gr)', 1, 'g'),
(716, 'Pintade (Gr)', 1, 'g'),
(717, 'Pintade cuisse (Gr)', 1, 'g'),
(718, 'Pistache (Gr)', 1, 'g'),
(719, 'Pizza (aliment moyen) (Gr)', 1, 'g'),
(720, 'Pizza 4 fromages (Gr)', 1, 'g'),
(721, 'Pizza au chèvre et lardons (Gr)', 1, 'g'),
(722, 'Pizza au chorizo ou salami (Gr)', 1, 'g'),
(723, 'Pizza au fromage ou Pizza margherita (Gr)', 1, 'g'),
(724, 'Pizza au poulet (Gr)', 1, 'g'),
(725, 'Pizza au saumon (Gr)', 1, 'g'),
(726, 'Pizza au speck ou jambon cru (Gr)', 1, 'g'),
(727, 'Pizza au thon (Gr)', 1, 'g'),
(728, 'Pizza aux fruits de mer (Gr)', 1, 'g'),
(729, 'Pizza aux lardons oignons et fromage (Gr)', 1, 'g'),
(730, 'Pizza champignons fromage (Gr)', 1, 'g'),
(731, 'Pizza jambon fromage (Gr)', 1, 'g'),
(732, 'Pizza jambon fromage champignons ou pizza royale reine ou regina (Gr)', 1, 'g'),
(733, 'Pizza kebab (Gr)', 1, 'g'),
(734, 'Pizza sauce garniture pour (Gr)', 1, 'g'),
(735, 'Pizza type raclette ou tartiflette (Gr)', 1, 'g'),
(736, 'Poelée de légumes Asiatiques (Gr)', 1, 'g'),
(737, 'Poelée de légumes provencale (Gr)', 1, 'g'),
(738, 'Poire (Gr)', 1, 'g'),
(739, 'Poire au sirop (Gr)', 1, 'g'),
(740, 'Poireau (Gr)', 1, 'g'),
(741, 'Poireau cru (Gr)', 1, 'g'),
(742, 'Poireau surgelé (Gr)', 1, 'g'),
(743, 'Pois cassé (Gr)', 1, 'g'),
(744, 'Pois chiche (Gr)', 1, 'g'),
(745, 'Pois mange-tout (Gr)', 1, 'g'),
(746, 'Poisson blanc (Gr)', 1, 'g'),
(747, 'Poisson pané (Gr)', 1, 'g'),
(748, 'Poitrine de porc (Gr)', 1, 'g'),
(749, 'Poivre (Gr)', 1, 'g'),
(750, 'Poivre blanc poudre (Gr)', 1, 'g'),
(751, 'Poivre de Cayenne ou piment de Cayenne (Gr)', 1, 'g'),
(752, 'Poivre gris poudre (Gr)', 1, 'g'),
(753, 'Poivre noir poudre (Gr)', 1, 'g'),
(754, 'Poivron jaune (Gr)', 1, 'g'),
(755, 'Poivron rouge (Gr)', 1, 'g'),
(756, 'Poivron vert (Gr)', 1, 'g'),
(757, 'Poivron vert cuit (Gr)', 1, 'g'),
(758, 'Polenta ou semoule de maïs (Gr)', 1, 'g'),
(759, 'Pomelo (dit Pamplemousse) (Gr)', 1, 'g'),
(760, 'Pomme (Gr)', 1, 'g'),
(761, 'Pomme Canada (Gr)', 1, 'g'),
(762, 'Pommes de terre (Gr)', 1, 'g'),
(763, 'Pont l\'évéque (Gr)', 1, 'g'),
(764, 'Potimarron (Gr)', 1, 'g'),
(765, 'Poudre d\'amande (Gr)', 1, 'g'),
(766, 'Poulet (Gr)', 1, 'g'),
(767, 'Poulet cuisse (Gr)', 1, 'g'),
(768, 'Poulet escalope (Gr)', 1, 'g'),
(769, 'Poulet fermier viande (Gr)', 1, 'g'),
(770, 'Poulet filet (Gr)', 1, 'g'),
(771, 'Poulet pilon (Gr)', 1, 'g'),
(772, 'Poulpe cru (Gr)', 1, 'g'),
(773, 'Protéine de soja déshydratée (Gr)', 1, 'g'),
(774, 'Prune (Gr)', 1, 'g'),
(775, 'Prune Reine-Claude (Gr)', 1, 'g'),
(776, 'Pruneau sec (Gr)', 1, 'g'),
(777, 'Pruneaux d\'Agen (Gr)', 1, 'g'),
(778, 'Quatre épices (Gr)', 1, 'g'),
(779, 'Quenelle de poisson (Gr)', 1, 'g'),
(780, 'Quenelle de veau  (Gr)', 1, 'g'),
(781, 'Quenelle de volaille (Gr)', 1, 'g'),
(782, 'Quenelle nature (Gr)', 1, 'g'),
(783, 'Quiche lorraine (Gr)', 1, 'g'),
(784, 'Quinoa cru (Gr)', 1, 'g'),
(785, 'Radis  (Gr)', 1, 'g'),
(786, 'Radis noir (Gr)', 1, 'g'),
(787, 'Raie ailes (Gr)', 1, 'g'),
(788, 'Raifort cru (Gr)', 1, 'g'),
(789, 'Raisin (Gr)', 1, 'g'),
(790, 'Raisin sec (Gr)', 1, 'g'),
(791, 'Ras el hanout (Gr)', 1, 'g'),
(792, 'Rascasse (Gr)', 1, 'g'),
(793, 'Ratatouille en boite (Gr)', 1, 'g'),
(794, 'Ratatouille surgelé (Gr)', 1, 'g'),
(795, 'Reblochon (Gr)', 1, 'g'),
(796, 'Rhum (Gr)', 1, 'g'),
(797, 'Ricotta (Gr)', 1, 'g'),
(798, 'Rillettes d\'oie (Gr)', 1, 'g'),
(799, 'Rillettes de canard (Gr)', 1, 'g'),
(800, 'Rillettes de crabe (Gr)', 1, 'g'),
(801, 'Rillettes de maquereau (Gr)', 1, 'g'),
(802, 'Rillettes de poisson (Gr)', 1, 'g'),
(803, 'Rillettes de poulet (Gr)', 1, 'g'),
(804, 'Rillettes de saumon (Gr)', 1, 'g'),
(805, 'Rillettes de thon (Gr)', 1, 'g'),
(806, 'Rillettes de Tours (Gr)', 1, 'g'),
(807, 'Rillettes du Mans (Gr)', 1, 'g'),
(808, 'Rillettes pur oie (Gr)', 1, 'g'),
(809, 'Rillettes pur porc (Gr)', 1, 'g'),
(810, 'Rillettes traditionnelles de porc (Gr)', 1, 'g'),
(811, 'Ris agneau cru (Gr)', 1, 'g'),
(812, 'Ris agneau cuit (Gr)', 1, 'g'),
(813, 'Riz à risotto (Gr)', 1, 'g'),
(814, 'Riz arborio (Gr)', 1, 'g'),
(815, 'Riz basmati (Gr)', 1, 'g'),
(816, 'Riz blanc (Gr)', 1, 'g'),
(817, 'Riz cantonais (Gr)', 1, 'g'),
(818, 'Riz complet (Gr)', 1, 'g'),
(819, 'Riz rouge (Gr)', 1, 'g'),
(820, 'Riz sauvage (Gr)', 1, 'g'),
(821, 'Riz thaï (Gr)', 1, 'g'),
(822, 'Rocamadour (Gr)', 1, 'g'),
(823, 'Rognon (Gr)', 1, 'g'),
(824, 'Romarin (Gr)', 1, 'g'),
(825, 'Roquefort (Gr)', 1, 'g'),
(826, 'Roquette (Gr)', 1, 'g'),
(827, 'Rouget-barbet (Gr)', 1, 'g'),
(828, 'Rouleau de printemps (Gr)', 1, 'g'),
(829, 'Roussette (Gr)', 1, 'g'),
(830, 'Sabre cru (Gr)', 1, 'g'),
(831, 'Sachet de levure (Gr)', 1, 'g'),
(832, 'Safran (Gr)', 1, 'g'),
(833, 'Saindoux (Gr)', 1, 'g'),
(834, 'Saint-Marcellin (Gr)', 1, 'g'),
(835, 'Saint-Nectaire (Gr)', 1, 'g'),
(836, 'Saint-Paulin (Gr)', 1, 'g'),
(837, 'Saint-Pierre cru (Gr)', 1, 'g'),
(838, 'Sainte-Maure de Touraine (Gr)', 1, 'g'),
(839, 'Salade de fruits (Gr)', 1, 'g'),
(840, 'Salade verte (Gr)', 1, 'g'),
(841, 'Salami (Gr)', 1, 'g'),
(842, 'Salers (Gr)', 1, 'g'),
(843, 'Salicorne (Salicornia sp.) (Gr)', 1, 'g'),
(844, 'Salsifis (Gr)', 1, 'g'),
(845, 'Salsifis surgelé (Gr)', 1, 'g'),
(846, 'Samossas ou Samoussas (Gr)', 1, 'g'),
(847, 'Sandre (Gr)', 1, 'g'),
(848, 'Sanglier (Gr)', 1, 'g'),
(849, 'Sardine (Gr)', 1, 'g'),
(850, 'Sauce Nuoc (Gr)', 1, 'g'),
(851, 'Sauce soja (Gr)', 1, 'g'),
(852, 'Sauce tomate (Gr)', 1, 'g'),
(853, 'Saucisse aux herbes (Gr)', 1, 'g'),
(854, 'Saucisse cocktail (Gr)', 1, 'g'),
(855, 'Saucisse de foie (Gr)', 1, 'g'),
(856, 'Saucisse de Francfort (Gr)', 1, 'g'),
(857, 'Saucisse de jambon pur porc (Gr)', 1, 'g'),
(858, 'Saucisse de Montbéliard (Gr)', 1, 'g'),
(859, 'Saucisse de Morteau (Gr)', 1, 'g'),
(860, 'Saucisse de Strasbourg ou Knack (Gr)', 1, 'g'),
(861, 'Saucisse de Toulouse (Gr)', 1, 'g'),
(862, 'Saucisse fumé (Gr)', 1, 'g'),
(863, 'Saucisse nature (Gr)', 1, 'g'),
(864, 'Saucisson à l\'ail (Gr)', 1, 'g'),
(865, 'Saucisson au noix (Gr)', 1, 'g'),
(866, 'Saucisson sec (Gr)', 1, 'g'),
(867, 'Saumon (Gr)', 1, 'g'),
(868, 'Saumon fumé (Gr)', 1, 'g'),
(869, 'Saumonette (Gr)', 1, 'g'),
(870, 'Scarole crue (Gr)', 1, 'g'),
(871, 'Sel (Gr)', 1, 'g'),
(872, 'Semoule (Gr)', 1, 'g'),
(873, 'Sirop d\'agave (Gr)', 1, 'g'),
(874, 'Sirop d\'érable (Gr)', 1, 'g'),
(875, 'Skyr (Gr)', 1, 'g'),
(876, 'Smoothie (Gr)', 1, 'g'),
(877, 'Sole filet (Gr)', 1, 'g'),
(878, 'Son d\'avoine (Gr)', 1, 'g'),
(879, 'Sorbet en bac (Gr)', 1, 'g'),
(880, 'Soupe de faineant (Gr)', 1, 'g'),
(881, 'Spéculoos (Gr)', 1, 'g'),
(882, 'Spiruline (Spirulina sp.) (Gr)', 1, 'g'),
(883, 'Steak (Gr)', 1, 'g'),
(884, 'Steak de boeuf (Gr)', 1, 'g'),
(885, 'Steak de soja (Gr)', 1, 'g'),
(886, 'Steak haché *10 (Gr)', 1, 'g'),
(887, 'Steak haché 5% (Gr)', 1, 'g'),
(888, 'Sucre (Gr)', 1, 'g'),
(889, 'Sucre blanc (Gr)', 1, 'g'),
(890, 'Sucre roux (Gr)', 1, 'g'),
(891, 'Sucre stevia (Gr)', 1, 'g'),
(892, 'Sucre vanillé (Gr)', 1, 'g'),
(893, 'Surimi (Gr)', 1, 'g'),
(894, 'Tabasco (Gr)', 1, 'g'),
(895, 'Tacaud cru (Gr)', 1, 'g'),
(896, 'Tandoori (Gr)', 1, 'g'),
(897, 'Tapenade (Gr)', 1, 'g'),
(898, 'Tapioca ou Perles du Japon (Gr)', 1, 'g'),
(899, 'Tempeh (Gr)', 1, 'g'),
(900, 'Terrine de canard (Gr)', 1, 'g'),
(901, 'Terrine de fruits de mer (Gr)', 1, 'g'),
(902, 'Terrine de lapin (Gr)', 1, 'g'),
(903, 'Terrine de poisson (Gr)', 1, 'g'),
(904, 'Thon (Gr)', 1, 'g'),
(905, 'Thon au naturel (Gr)', 1, 'g'),
(906, 'Thon rouge (Gr)', 1, 'g'),
(907, 'Thym frais (Gr)', 1, 'g'),
(908, 'Tilapia cru (Gr)', 1, 'g'),
(909, 'Tofu nature (Gr)', 1, 'g'),
(910, 'Tomate (Gr)', 1, 'g'),
(911, 'Tomate double concentré (Gr)', 1, 'g'),
(912, 'Tomate pulpe (Gr)', 1, 'g'),
(913, 'Tomate séchées (Gr)', 1, 'g'),
(914, 'Tomates cerises (Gr)', 1, 'g'),
(915, 'Tomates pelées (Gr)', 1, 'g'),
(916, 'Tomme savoie (Gr)', 1, 'g'),
(917, 'Topinambour (Gr)', 1, 'g'),
(918, 'Tortillas (Gr)', 1, 'g'),
(919, 'Tournesol graine (Gr)', 1, 'g'),
(920, 'Truite (Gr)', 1, 'g'),
(921, 'Turbot (Gr)', 1, 'g'),
(922, 'Vanille (Gr)', 1, 'g'),
(923, 'Vanille extrait (Gr)', 1, 'g'),
(924, 'Vermicelle (Gr)', 1, 'g'),
(925, 'Vermicelle de riz (Gr)', 1, 'g'),
(926, 'Viande des Grisons (Gr)', 1, 'g'),
(927, 'Vin blanc mousseux (Gr)', 1, 'g'),
(928, 'Vin blanc sec (Gr)', 1, 'g'),
(929, 'Vin doux (Gr)', 1, 'g'),
(930, 'Vin rosé (Gr)', 1, 'g'),
(931, 'Vin rouge (Gr)', 1, 'g'),
(932, 'Vin rouge merlot 3-5L (Gr)', 1, 'g'),
(933, 'Vinaigre (Gr)', 1, 'g'),
(934, 'Vinaigre balsamique (Gr)', 1, 'g'),
(935, 'Vinaigre de cidre (CàS)', 1, 'cas'),
(936, 'Vodka (Gr)', 1, 'g'),
(937, 'Wakamé (Undaria pinnatifida) (Gr)', 1, 'g'),
(938, 'Whey (Gr)', 1, 'g'),
(939, 'Whisky (Gr)', 1, 'g'),
(940, 'Yaourt à la Grec (piece)', 1, 'piece'),
(942, 'Yaourt aux fruits (Gr)', 1, 'g'),
(943, 'Yaourt nature (piece)', 1, 'piece'),
(944, 'Zeste d\'orange confit (Gr)', 1, 'g'),
(1001, 'After Eight menthe (piece)', 1, 'piece'),
(1002, 'Amandes décortiquées (Gr)', 1, 'g'),
(1003, 'Amandes en poudre (Gr)', 1, 'g'),
(1004, 'Asparthame (Gr)', 1, 'g'),
(1005, 'Babybel (piece)', 1, 'piece'),
(1006, 'Beurre d\'arachides (Gr)', 1, 'g'),
(1007, 'Bigorneaux (Gr)', 1, 'g'),
(1008, 'Bretzel (Gr)', 1, 'g'),
(1009, 'Brioche tressée (piece)', 1, 'piece'),
(1010, 'Cacao Van Houten (Gr)', 1, 'g'),
(1011, 'Camembert (Gr)', 1, 'g'),
(1012, 'Chèvre fromage (Gr)', 1, 'g'),
(1013, 'Chou brocolis surgelé (Gr)', 1, 'g'),
(1014, 'Confiture (piece)', 1, 'piece'),
(1015, 'Crevettes Grises (Gr)', 1, 'g'),
(1016, 'Crozets (Gr)', 1, 'g'),
(1017, 'Dos de colin (Gr)', 1, 'g'),
(1018, 'Echines de porc (Gr)', 1, 'g'),
(1019, 'Épinards hachés (Gr)', 1, 'g'),
(1020, 'Epinard branches (Gr)', 1, 'g'),
(1021, 'Fromage à raclette (piece)', 1, 'piece'),
(1022, 'Gesiers (Gr)', 1, 'g'),
(1023, 'Jardinière de légumes (Gr)', 1, 'g'),
(1024, 'Kinder bueno (piece)', 1, 'piece'),
(1025, 'Knacki (piece)', 1, 'piece'),
(1027, 'Leerdamer (Gr)', 1, 'g'),
(1028, 'Mâche (Gr)', 1, 'g'),
(1029, 'Magret de canard (Gr)', 1, 'g'),
(1030, 'Noisettes en poudre (Gr)', 1, 'g'),
(1031, 'Nutella (Gr)', 1, 'g'),
(1032, 'Pâte brisée (piece)', 1, 'piece'),
(1033, 'Pâte feuilletée (piece)', 1, 'piece'),
(1034, 'Poélée à l\'Italienne (Gr)', 1, 'g'),
(1035, 'Poëlée de légumes (Gr)', 1, 'g'),
(1036, 'Poëlée méridionale (Gr)', 1, 'g'),
(1037, 'Pulpe de Tomate (Gr)', 1, 'g'),
(1038, 'Purée mousseline (Gr)', 1, 'g'),
(1039, 'Ricoré (Gr)', 1, 'g'),
(1040, 'Roti de porc (Gr)', 1, 'g'),
(1041, 'Saucisse coktail (piece)', 1, 'piece'),
(1042, 'Saumon en pavé (Gr)', 1, 'g'),
(1043, 'Tomates pelées en conserve (piece)', 1, 'piece'),
(1044, 'Vache qui rit (piece)', 1, 'piece'),
(1046, 'Pain complet (piece)', 1, 'piece'),
(1047, 'Pain de blé (piece)', 1, 'piece'),
(1061, 'Farine complète (Gr)', 1, 'g'),
(1062, 'Eau (Ml)', 1, 'ml'),
(1064, 'Miel (càs)', 1, 'cas'),
(1065, 'beurre de cacahuete (càs)', 1, 'cas'),
(1066, 'Noix de coco rapée (càs)', 1, 'cas'),
(1067, 'Tomates cerise (piece)', 1, 'piece'),
(1068, 'Cannelle (CàC)', 1, 'cac'),
(1069, 'Banane (Piece)', 1, 'piece'),
(1070, 'Fromage blanc de Brebis (Gr)', 1, 'g'),
(1071, 'Bicarbonate de soude alimentaire (CàC)', 1, 'cac'),
(1072, 'Sel / poivre (pincée)', 1, 'pincée'),
(1073, 'Vanille extrait (CàC)', 1, 'cac'),
(1074, 'Sel (CàC)', 1, 'cac'),
(1075, 'noix / amandes / noisettes (Gr)', 1, 'g'),
(1076, 'Fruits exotiques surgelés (Gr)', 1, 'g'),
(1077, 'jus de citron (CàC)', 1, 'cac'),
(1078, 'Arome Vanille (goutte) (Gr)', 1, 'g'),
(1079, 'Pruneaux d\'Agen (piece)', 1, 'piece'),
(1080, 'Crème de coco (ML)', 1, 'ml'),
(1081, 'Yaourt à la grecque (Gr)', 1, 'g'),
(1082, 'Eau de coco (Ml)', 1, 'ml'),
(1083, 'Coriandre (CàC)', 1, 'cac'),
(1084, 'Poivre (pincé)', 1, 'pincée'),
(1085, 'Pain grillés blé complet (piece)', 1, 'piece'),
(1086, 'Ciboulette (CàC)', 1, 'cac'),
(1087, 'Herbes de provence (CàC (CàC)', 1, 'cac'),
(1089, 'Cacao 100% (CàC)', 1, 'cac'),
(1090, 'sirop d\'agave (CàC)', 1, 'cac'),
(1091, 'Pamplemousse (piece)', 1, 'piece'),
(1092, 'Citron (piece)', 1, 'piece'),
(1093, 'Epices massales (CàC)', 1, 'cac'),
(1094, 'Moutarde (CàS)', 1, 'cas'),
(1095, 'Légumes thaï (Gr)', 1, 'g'),
(1096, 'Lait de coco (Ml)', 1, 'ml'),
(1097, 'Sauce Soja (CàS)', 1, 'cas'),
(1098, 'Curry (CàC)', 1, 'cac'),
(1099, 'Gingembre (CàC)', 1, 'cac'),
(1100, 'Gingembre (pince)', 1, 'pincée'),
(1101, 'Piment (pince)', 1, 'pincée'),
(1102, 'Coriandre (pince)', 1, 'pincée'),
(1103, 'Filet de loup (Gr)', 1, 'g'),
(1104, 'Aneth (CàC)', 1, 'cac'),
(1105, 'Basilic (CàC)', 1, 'cac'),
(1106, 'Poivrons (piece)', 1, 'piece'),
(1107, 'Cumin (CàC)', 1, 'cac'),
(1108, 'Gousse d\'ail (piece)', 1, 'piece'),
(1109, 'Purée de tomate (CàS)', 1, 'cas'),
(1110, 'Origan (CàC)', 1, 'cac'),
(1111, 'Filet de poulet (Gr)', 1, 'g'),
(1112, 'Paprika (CàC)', 1, 'cac'),
(1113, 'Curcuma (CàC)', 1, 'cac'),
(1114, 'Ratatouille (Gr)', 1, 'g'),
(1115, 'Cèpes (Gr)', 1, 'g'),
(1116, 'Ail semoule (CàC)', 1, 'cac'),
(1117, 'blanc d\'oeuf (piece)', 1, 'piece'),
(1118, 'Farine de coco (Gr)', 1, 'g'),
(1119, 'Poivron (Gr)', 1, 'g'),
(1120, 'Curcuma (pincé)', 1, 'pincée'),
(1121, 'Piment (CàC)', 1, 'cac'),
(1122, 'Gomme de guar (CàC)', 1, 'cac'),
(1123, 'Avocat (piece)', 1, 'piece'),
(1124, 'Pomme (piece)', 1, 'piece'),
(1125, 'Estragon (CàC)', 1, 'cac'),
(1126, 'Lait d\'amande (Ml)', 1, 'ml'),
(1127, 'Clémentine (piece)', 1, 'piece'),
(1128, 'Lait de noisette (Ml)', 1, 'ml'),
(1129, 'Tartine craquante de sarrasin (Gr)', 1, 'g'),
(1130, 'Pate à tartiner (Nutella) (Gr)', 1, 'g'),
(1131, 'Fruits de saison (Gr)', 1, 'g'),
(1132, 'Bouillon de légumes (Ml)', 1, 'ml'),
(1133, 'Vin rouge (Ml)', 1, 'ml'),
(1134, 'Bouquet garni (piece)', 1, 'piece'),
(1135, 'Persil (CàC)', 1, 'cac'),
(1136, 'Sauce coriander wasabi (Ml)', 1, 'ml'),
(1137, 'Thym (CàC)', 1, 'cac'),
(1138, 'Coulis de tomate (Ml)', 1, 'ml'),
(1139, 'Jaune d\'oeuf (piece)', 1, 'piece'),
(1140, 'Concentré de tomates (CàC)', 1, 'cac'),
(1141, 'Purée de piment (CàC)', 1, 'cac');

-- --------------------------------------------------------

--
-- Structure de la table `ingredient_quantite`
--

CREATE TABLE `ingredient_quantite` (
  `id` int(11) NOT NULL,
  `ingredient_id` int(11) NOT NULL,
  `repas_id` int(11) NOT NULL,
  `quantite` double NOT NULL
) ENGINE=InnoDB DEFAULT CHARSET=utf8mb4 COLLATE=utf8mb4_unicode_ci;

--
-- Déchargement des données de la table `ingredient_quantite`
--

INSERT INTO `ingredient_quantite` (`id`, `ingredient_id`, `repas_id`, `quantite`) VALUES
(92, 6, 2, 2),
(93, 345, 3, 180),
(94, 652, 3, 2),
(95, 530, 3, 15),
(96, 1062, 3, 150),
(97, 461, 3, 2),
(98, 76, 3, 0.5),
(99, 935, 3, 1),
(100, 871, 3, 1),
(101, 937, 4, 250),
(102, 314, 4, 1),
(103, 13, 4, 1),
(104, 506, 4, 1),
(105, 461, 4, 1),
(106, 183, 4, 1),
(110, 2, 6, 1),
(111, 4, 7, 1),
(112, 7, 8, 1),
(113, 3, 10, 2),
(114, 363, 11, 180),
(115, 227, 11, 30),
(116, 1064, 11, 1),
(117, 1065, 11, 1),
(118, 1066, 11, 1),
(119, 938, 11, 30),
(120, 127, 12, 147),
(121, 461, 12, 3),
(122, 688, 12, 267),
(123, 653, 12, 40),
(124, 840, 12, 50),
(125, 1067, 12, 3.5),
(126, 363, 13, 109),
(127, 48, 13, 25),
(128, 765, 13, 16),
(129, 592, 13, 14),
(130, 227, 13, 25),
(131, 18, 13, 40),
(132, 640, 13, 15),
(133, 598, 13, 10),
(134, 1068, 13, 1),
(135, 464, 13, 15),
(136, 873, 13, 14),
(148, 1069, 15, 1.5),
(149, 1070, 15, 60),
(150, 652, 15, 2),
(151, 891, 15, 5),
(152, 346, 15, 61),
(153, 938, 15, 30),
(154, 1071, 15, 0.5),
(155, 831, 15, 0.5),
(156, 1068, 15, 2),
(157, 1072, 15, 2),
(158, 1073, 15, 0.5),
(159, 227, 15, 50),
(160, 637, 15, 5),
(161, 635, 15, 8),
(162, 1069, 16, 3),
(163, 652, 16, 2),
(164, 891, 16, 2),
(165, 344, 16, 60),
(166, 341, 16, 60),
(167, 938, 16, 45),
(168, 1070, 16, 40),
(169, 831, 16, 0.33),
(170, 1074, 16, 0.5),
(171, 1071, 16, 0.5),
(172, 938, 17, 30),
(173, 1075, 17, 3.5),
(174, 760, 18, 198),
(175, 521, 18, 198),
(176, 255, 18, 198),
(177, 385, 18, 253),
(178, 586, 18, 253),
(179, 686, 18, 280),
(180, 24, 18, 212),
(181, 53, 18, 130),
(182, 161, 18, 1),
(183, 53, 19, 109),
(184, 227, 19, 10),
(185, 20, 19, 14),
(186, 389, 20, 273),
(187, 891, 20, 5),
(188, 387, 20, 35),
(189, 20, 20, 14),
(190, 488, 21, 96),
(191, 637, 21, 3),
(192, 389, 22, 200),
(193, 1076, 22, 267),
(194, 891, 22, 2.5),
(195, 1077, 22, 0.5),
(196, 18, 22, 5),
(197, 640, 22, 3),
(198, 938, 22, 30),
(199, 1078, 22, 3),
(200, 938, 23, 50),
(201, 363, 23, 40),
(202, 51, 23, 20),
(203, 1079, 23, 7.5),
(204, 636, 23, 30),
(205, 592, 23, 13),
(206, 1080, 23, 10),
(207, 464, 23, 5),
(208, 73, 23, 20),
(209, 227, 23, 10),
(210, 1077, 24, 1),
(211, 1081, 24, 93),
(212, 938, 24, 20),
(213, 47, 24, 0.25),
(214, 387, 24, 60),
(215, 1126, 24, 200),
(216, 576, 25, 60),
(217, 586, 25, 100),
(218, 938, 25, 15),
(219, 1082, 25, 175),
(220, 73, 25, 16),
(221, 420, 25, 15),
(222, 652, 26, 3),
(223, 98, 26, 2),
(224, 278, 26, 133),
(225, 350, 26, 33),
(226, 232, 26, 40),
(227, 1083, 26, 1),
(228, 1072, 26, 1),
(229, 1084, 26, 1),
(230, 1085, 27, 1.5),
(231, 868, 27, 53),
(232, 389, 27, 27),
(233, 1086, 27, 0.5),
(234, 1077, 27, 0.5),
(235, 652, 28, 2),
(236, 910, 28, 150),
(237, 598, 28, 5),
(238, 1087, 28, 0.5),
(239, 938, 29, 50),
(240, 363, 29, 24),
(241, 1079, 29, 7),
(242, 640, 29, 45),
(243, 765, 29, 29),
(244, 592, 29, 17),
(245, 227, 29, 30),
(246, 356, 30, 79),
(247, 638, 30, 26),
(248, 938, 31, 30),
(249, 891, 31, 5),
(250, 598, 31, 20),
(251, 640, 31, 20),
(252, 1126, 31, 10),
(253, 1089, 31, 2),
(254, 227, 31, 25),
(255, 464, 31, 5),
(256, 18, 32, 80),
(257, 938, 32, 30),
(258, 464, 32, 15),
(259, 1090, 32, 2.5),
(260, 652, 32, 1),
(261, 98, 32, 2),
(262, 227, 32, 25),
(263, 831, 32, 0.33),
(264, 1073, 32, 1),
(265, 72, 32, 8),
(266, 938, 33, 30),
(267, 325, 33, 39),
(268, 1069, 33, 0.5),
(269, 616, 33, 25),
(270, 1126, 33, 150),
(271, 218, 33, 50),
(273, 1062, 33, 50),
(274, 464, 34, 3),
(275, 578, 34, 200),
(276, 1091, 34, 0.25),
(277, 1092, 34, 0.33),
(278, 1067, 34, 4.5),
(279, 740, 34, 130),
(280, 1070, 34, 20),
(281, 1093, 34, 0.5),
(282, 1072, 34, 1),
(283, 1094, 34, 1),
(284, 289, 35, 175),
(285, 1095, 35, 275),
(286, 464, 35, 3),
(287, 1096, 35, 100),
(288, 1097, 35, 1),
(289, 1098, 35, 1),
(290, 1100, 35, 1),
(291, 1101, 35, 1),
(292, 1102, 35, 1),
(293, 1103, 36, 200),
(294, 278, 36, 205),
(295, 755, 36, 0.5),
(296, 1104, 36, 0.5),
(297, 1072, 36, 0.5),
(298, 18, 36, 50),
(299, 253, 36, 0.5),
(300, 1083, 36, 1),
(301, 461, 36, 8),
(302, 1105, 36, 0.5),
(303, 1106, 37, 2),
(304, 464, 37, 2),
(305, 100, 37, 205),
(306, 653, 37, 50),
(307, 203, 37, 50),
(308, 1107, 37, 1),
(309, 1108, 37, 1),
(310, 1097, 37, 1.5),
(311, 910, 37, 75),
(312, 278, 37, 150),
(313, 1109, 37, 1),
(314, 1110, 37, 1),
(315, 1111, 38, 205),
(316, 461, 38, 1.5),
(317, 1096, 38, 75),
(318, 1097, 38, 1),
(319, 203, 38, 175),
(320, 185, 38, 60),
(321, 1072, 38, 1),
(322, 1112, 38, 0.5),
(323, 1113, 38, 0.5),
(324, 461, 39, 3),
(325, 746, 39, 246),
(326, 1114, 39, 239),
(327, 1115, 39, 50),
(328, 1072, 39, 1),
(329, 1116, 39, 0.5),
(330, 1083, 39, 0.5),
(331, 653, 39, 15),
(332, 289, 40, 150),
(333, 1117, 40, 1),
(334, 464, 40, 20),
(335, 1118, 40, 27),
(336, 1028, 40, 30),
(337, 1119, 40, 164),
(338, 1111, 41, 205),
(339, 1097, 41, 1.5),
(340, 592, 41, 27),
(341, 73, 41, 27),
(342, 1077, 41, 2),
(343, 1080, 41, 40),
(344, 550, 41, 239),
(345, 100, 42, 205),
(346, 461, 42, 6),
(347, 1120, 42, 1),
(348, 1112, 42, 0.5),
(349, 1121, 42, 0.5),
(350, 1107, 42, 0.5),
(351, 1099, 42, 0.5),
(352, 1072, 42, 1),
(353, 677, 42, 205),
(354, 48, 43, 27),
(355, 652, 43, 1),
(356, 1117, 43, 1),
(357, 938, 43, 15),
(358, 1126, 43, 20),
(359, 340, 43, 20),
(360, 640, 43, 10),
(361, 389, 43, 55),
(362, 464, 43, 3),
(363, 1122, 43, 0.5),
(364, 1068, 43, 0.5),
(365, 1069, 43, 0.5),
(366, 1072, 43, 1),
(367, 831, 43, 0.33),
(368, 1078, 43, 3),
(379, 1123, 46, 0.5),
(380, 1046, 46, 82),
(381, 100, 46, 68),
(382, 652, 46, 1),
(383, 1124, 46, 1),
(384, 1125, 46, 0.5),
(385, 611, 47, 75),
(386, 1126, 47, 150),
(387, 652, 47, 2),
(388, 1090, 47, 2),
(389, 464, 47, 2),
(390, 389, 48, 68),
(391, 363, 48, 34),
(392, 1126, 48, 50),
(393, 760, 48, 89),
(394, 938, 48, 27),
(395, 592, 48, 3.5),
(396, 611, 49, 61),
(397, 1126, 49, 150),
(398, 389, 49, 205),
(399, 20, 49, 16),
(400, 873, 49, 11),
(401, 227, 49, 10),
(402, 363, 50, 30),
(403, 1062, 50, 80),
(404, 1126, 50, 100),
(405, 873, 50, 7),
(406, 652, 50, 1),
(407, 938, 50, 30),
(408, 1089, 50, 2),
(409, 1069, 50, 0.33),
(410, 640, 50, 4),
(411, 387, 50, 25),
(412, 20, 50, 11),
(413, 611, 50, 14),
(415, 487, 52, 109),
(416, 652, 52, 2.5),
(417, 1127, 52, 1),
(418, 1085, 52, 2.5),
(419, 592, 52, 27),
(420, 652, 53, 3),
(421, 464, 53, 3),
(422, 325, 53, 109),
(423, 49, 53, 50),
(424, 389, 53, 96),
(425, 1127, 53, 1.5),
(426, 262, 53, 137),
(427, 1123, 54, 0.5),
(428, 1046, 54, 82),
(429, 100, 54, 68),
(430, 652, 54, 1),
(431, 1124, 54, 1),
(432, 1125, 54, 0.5),
(433, 1128, 55, 273),
(434, 1089, 55, 2.5),
(435, 891, 55, 1),
(436, 1129, 55, 27),
(437, 1130, 55, 41),
(438, 652, 55, 2.5),
(439, 464, 55, 2),
(440, 652, 56, 3),
(441, 1131, 56, 205),
(442, 1085, 56, 2.5),
(443, 592, 56, 20),
(444, 73, 56, 27),
(445, 653, 57, 100),
(446, 885, 57, 430),
(447, 1132, 57, 750),
(448, 1106, 57, 1),
(449, 461, 57, 10),
(450, 814, 57, 157),
(451, 1133, 57, 50),
(452, 1112, 57, 1),
(453, 1098, 57, 1),
(454, 265, 57, 15),
(455, 706, 57, 137),
(456, 1072, 57, 2),
(457, 1134, 57, 1),
(458, 693, 58, 75),
(459, 203, 58, 50),
(460, 487, 58, 105),
(461, 49, 58, 25),
(462, 1096, 58, 75),
(463, 1097, 58, 1),
(464, 392, 58, 10),
(465, 1083, 58, 0.5),
(466, 653, 58, 50),
(467, 461, 58, 3),
(468, 1072, 58, 1),
(469, 461, 59, 2),
(470, 766, 59, 150),
(471, 653, 59, 50),
(472, 688, 59, 205),
(473, 1072, 59, 1),
(474, 1135, 59, 0.5),
(475, 1125, 59, 0.5),
(476, 1087, 59, 0.5),
(477, 204, 59, 125),
(478, 464, 60, 3),
(479, 1111, 60, 205),
(480, 689, 60, 140),
(481, 653, 60, 50),
(482, 325, 60, 85),
(483, 1136, 60, 15),
(484, 1072, 60, 1),
(485, 1110, 60, 1),
(486, 652, 60, 2),
(487, 688, 61, 192),
(488, 1126, 61, 5),
(489, 210, 61, 27),
(490, 1135, 61, 0.5),
(491, 652, 61, 1.5),
(492, 464, 61, 4),
(493, 72, 61, 2.5),
(494, 653, 61, 30),
(495, 1116, 61, 0.5),
(496, 1137, 61, 0.5),
(497, 1067, 61, 3),
(498, 358, 62, 205),
(499, 784, 62, 75),
(500, 1114, 62, 157),
(501, 461, 62, 3),
(502, 1077, 62, 2),
(503, 1110, 62, 0.5),
(504, 1072, 62, 0.5),
(505, 100, 63, 205),
(506, 1106, 63, 1),
(507, 278, 63, 68),
(508, 653, 63, 40),
(509, 185, 63, 55),
(510, 1067, 63, 4),
(511, 1123, 63, 0.5),
(512, 1120, 63, 1),
(513, 1072, 63, 1),
(514, 464, 63, 3),
(515, 262, 63, 273),
(516, 815, 64, 69),
(517, 172, 64, 46),
(518, 603, 64, 46),
(519, 706, 64, 30),
(520, 232, 64, 36),
(521, 1111, 64, 130),
(522, 832, 64, 2),
(523, 1138, 64, 40),
(524, 461, 64, 5),
(525, 1072, 64, 1),
(526, 1132, 64, 150),
(527, 1106, 64, 0.5),
(528, 653, 64, 35),
(529, 1108, 64, 0.5),
(530, 904, 65, 137),
(531, 918, 65, 82),
(532, 1123, 65, 0.5),
(533, 598, 65, 15),
(534, 325, 65, 55),
(535, 1067, 65, 4),
(536, 461, 65, 5),
(537, 1094, 65, 1),
(538, 1092, 65, 0.5),
(539, 1097, 65, 1),
(540, 1139, 65, 1),
(541, 1072, 65, 1),
(552, 1111, 67, 232),
(553, 185, 67, 68),
(554, 1108, 67, 1),
(555, 1094, 67, 1),
(556, 705, 67, 1),
(557, 461, 67, 6),
(558, 666, 67, 85),
(559, 1081, 67, 25),
(560, 1140, 67, 1),
(561, 1141, 67, 1),
(562, 1072, 67, 1),
(563, 1135, 67, 4),
(564, 1111, 68, 355),
(565, 464, 68, 3),
(566, 550, 68, 342),
(567, 815, 68, 109),
(568, 1098, 68, 1),
(569, 1120, 68, 0.5),
(570, 1072, 68, 1),
(571, 1108, 68, 2),
(572, 652, 68, 1),
(573, 1080, 68, 30),
(574, 1083, 68, 1),
(575, 640, 68, 20),
(576, 185, 68, 100),
(583, 389, 70, 100),
(584, 1076, 70, 135),
(585, 891, 70, 1.5),
(586, 1077, 70, 0.5),
(587, 18, 70, 2.5),
(588, 640, 70, 1.5),
(589, 938, 70, 15),
(590, 1078, 70, 1.5),
(591, 938, 71, 50),
(592, 363, 71, 40),
(593, 51, 71, 20),
(594, 1079, 71, 7.5),
(595, 636, 71, 30),
(596, 592, 71, 13),
(597, 1080, 71, 10),
(598, 464, 71, 5),
(599, 73, 71, 20),
(600, 227, 71, 10),
(601, 1077, 72, 1),
(602, 1081, 72, 93),
(603, 938, 72, 20),
(604, 1123, 72, 0.25),
(605, 387, 72, 60),
(606, 1126, 72, 200);

-- --------------------------------------------------------

--
-- Structure de la table `liste_courses`
--

CREATE TABLE `liste_courses` (
  `id` int(11) NOT NULL,
  `ingredient_id` int(11) DEFAULT NULL,
  `date_creation` date DEFAULT NULL,
  `quantite` varchar(255) COLLATE utf8mb4_unicode_ci DEFAULT NULL,
  `en_stock` tinyint(1) DEFAULT NULL
) ENGINE=InnoDB DEFAULT CHARSET=utf8mb4 COLLATE=utf8mb4_unicode_ci;

-- --------------------------------------------------------

--
-- Structure de la table `messenger_messages`
--

CREATE TABLE `messenger_messages` (
  `id` bigint(20) NOT NULL,
  `body` longtext COLLATE utf8mb4_unicode_ci NOT NULL,
  `headers` longtext COLLATE utf8mb4_unicode_ci NOT NULL,
  `queue_name` varchar(190) COLLATE utf8mb4_unicode_ci NOT NULL,
  `created_at` datetime NOT NULL COMMENT '(DC2Type:datetime_immutable)',
  `available_at` datetime NOT NULL COMMENT '(DC2Type:datetime_immutable)',
  `delivered_at` datetime DEFAULT NULL COMMENT '(DC2Type:datetime_immutable)'
) ENGINE=InnoDB DEFAULT CHARSET=utf8mb4 COLLATE=utf8mb4_unicode_ci;

-- --------------------------------------------------------

--
-- Structure de la table `planning`
--

CREATE TABLE `planning` (
  `id` int(11) NOT NULL,
  `petit_dejeuner_id` int(11) DEFAULT NULL,
  `encas_matin_id` int(11) DEFAULT NULL,
  `dejeuner_id` int(11) DEFAULT NULL,
  `encas_apres_midi_id` int(11) DEFAULT NULL,
  `diner_id` int(11) DEFAULT NULL,
  `date` date DEFAULT NULL,
  `nombre_personnes_petit_dejeuner` int(11) DEFAULT NULL,
  `nombre_personnes_encas_matin` int(11) DEFAULT NULL,
  `nombre_personnes_dejeuner` int(11) DEFAULT NULL,
  `nombre_personnes_encas_apres_midi` int(11) DEFAULT NULL,
  `nombre_personnes_diner` int(11) DEFAULT NULL
) ENGINE=InnoDB DEFAULT CHARSET=utf8mb4 COLLATE=utf8mb4_unicode_ci;

--
-- Déchargement des données de la table `planning`
--

INSERT INTO `planning` (`id`, `petit_dejeuner_id`, `encas_matin_id`, `dejeuner_id`, `encas_apres_midi_id`, `diner_id`, `date`, `nombre_personnes_petit_dejeuner`, `nombre_personnes_encas_matin`, `nombre_personnes_dejeuner`, `nombre_personnes_encas_apres_midi`, `nombre_personnes_diner`) VALUES
(1, 32, NULL, NULL, NULL, NULL, '2024-11-16', 12, NULL, NULL, NULL, NULL);

-- --------------------------------------------------------

--
-- Structure de la table `repas`
--

CREATE TABLE `repas` (
  `id` int(11) NOT NULL,
  `nom` varchar(255) COLLATE utf8mb4_unicode_ci NOT NULL,
  `categorie` varchar(255) COLLATE utf8mb4_unicode_ci NOT NULL,
  `description` longtext COLLATE utf8mb4_unicode_ci,
  `recette` longtext COLLATE utf8mb4_unicode_ci NOT NULL,
  `date` datetime DEFAULT NULL,
  `type_repas` varchar(255) COLLATE utf8mb4_unicode_ci DEFAULT NULL,
  `image_name` varchar(255) COLLATE utf8mb4_unicode_ci DEFAULT NULL,
  `updated_at` datetime DEFAULT NULL
) ENGINE=InnoDB DEFAULT CHARSET=utf8mb4 COLLATE=utf8mb4_unicode_ci;

--
-- Déchargement des données de la table `repas`
--

INSERT INTO `repas` (`id`, `nom`, `categorie`, `description`, `recette`, `date`, `type_repas`, `image_name`, `updated_at`) VALUES
(2, 'SALADE SAUMON AUX NOIX (1 PERS)', 'low-carb', NULL, 'Faire chauffer une casserole et plonger les oeufs dans l\'eau bouillante pendant 8 à 10 min\r\npour les rendre dur.\r\nLaver et trier la salade verte. Avec un économe, Éplucher la carotte puis faire des petites\r\nlamelles à déposer dans la salade. Ajoute ensuite le saumon, les noix, puis les oeufs.\r\nLa sauce : Mélanger l\'huile d’olive, le vinaigre balsamique, la moutarde, le curcuma, le\r\ngingembre, l\'ail, le sel et beaucoup de poivre. Ajouter à la sauce les herbes de Provence.\r\nVous pouvez ajuster les quantités à votre convenance', '2024-11-06 12:56:31', NULL, 'salade-mache-saumon-480x270-6730dc5d28cb4068390171.jpg', '2024-11-10 16:16:29'),
(3, 'Blinis au sarrasin', 'low-carb', 'Recette pour 15 blinis environ\r\n\r\nTemps de préparation : 5 min\r\nTemps de cuisson : 15 min\r\n\r\nNotes :\r\nVous pouvez aussi battre les blancs en neige pour avoir des blinis\r\nplus épais et aérés.', '1. Battre les œufs dans un grand bol.\r\n2. Ajouter l’eau, le lait et le vinaigre. Mélanger.\r\n3. Ajouter la farine, le sel et le bicarbonate. Mélanger pour avoir\r\nune pâte homogène. Laisser reposer 10 min.\r\n4. Dans une poêle antiadhésive bien huilée, verser une petite\r\nlouche de pâte pour former un blini de 6 à 8 cm de diamètre.\r\nLaisser cuire 2 min environ et retourner quand des bulles\r\napparaissent à la surface. Laisser cuire 30 s de l’autre côté.\r\n5. Réitérer l’opération jusqu’à épuisement de la pâte.', '2024-11-08 13:44:01', NULL, 'blinis-sarrasin-6730dc028b57f487075578.jpg', '2024-11-10 16:14:58'),
(4, 'TARTARE D’ALGUES', 'low-carb', 'Préparation pour 6 Personnes\r\n\r\nTemps de préparation : 10 min\r\nTemps de cuisson : 0 min\r\n\r\nla wakamé peut etre remplacée/mélangée avec/par d\'autres algues comestibles...dulse,\r\nwakame, nori, etc\r\n\r\nNotes\r\nAccompagner ce tartare d’un vin blanc sec mais s’accordera très\r\nbien aussi avec le champagne servie en apéritif.', '1. Rincer abondamment les algues à l’eau froide. Egoutter.\r\n2. Mixer ensemble tous les ingrédients.\r\n3. Conserver au frais 4-5 jours maximum.', '2024-11-08 13:55:38', NULL, 'tartare-algues-frais-6730dcb4f41ad511151162.webp', '2024-11-10 16:17:57'),
(11, 'Energy Balls ( 3parts)', 'low-carb', 'Aux flocons d\'avoine\r\nUtiliser de la whey vanille ou chocolat au choix.\r\n\r\nA conserver au frais', 'Raper le chocolat avec un économe. \r\nMélanger tous les ingrédients, sauf la noix de coco.\r\nEt former des balls, puis les rouler dans la noix de coco râpée.', '2024-11-08 15:12:16', NULL, 'energieballs-8blog-6730dc14776ee951781410.jpg', '2024-11-10 16:15:16'),
(12, 'STEAK ET FRITES DE PATATES DOUCES (1 PERS)', 'low-carb', 'Pour servir : Agrémenter avec une bonne quantité de salade verte et quelques tomates\r\ncerises.', 'Eplucher et découper la patate douce. Huiler (huile d\'olive) légèrement les frites (ajouter du\r\npaprika en option), puis placer au four préchauffé à 200°C. Laisser cuire en surveillant 20 à\r\n25min jusqu\'à ce que les frites soient bien dorées.\r\nFaire chauffer un Qlet d\'huile d\'olive dans une poêle avec les oignons, cuire les steaks\r\nenviron 1min sur chaque face. Saler et poivrer.', '2024-11-08 15:18:08', NULL, 'steak-frites-6730dc67d80f8126558156.jpg', '2024-11-10 16:16:39'),
(13, 'GRANOLA MAISON (8 PARTS)', 'en-cas', 'Le granola ne doit pas forcément se tenir! Car il n\'est pas destiné à être mangé seul.\r\nPour un encas le plus équilibré possible : Servir 1 part de granola avec 200 à\r\n300g de fromage blanc 0% et 20g de fruits rouges.', 'Mixer ou découper au couteau bien aiguisé les copeaux de noix et brisures de chocolat.\r\nBien mélanger l\'ensemble des ingrédients de la recette avec l\'huile de coco, le miel et le\r\nsirop d\'agave pour que le tout commence à se tenir, sans oublier les graines (chia, courge,\r\netc). Etaler environ 1cm avec le dos d\'une cuillère en bois sur une feuille de cuisson, puis\r\nenfourner et bien surveillez la cuisson environ 15 à 20 minutes à 160/180° pour faire dorer\r\nle granola !', '2024-11-11 14:24:50', NULL, NULL, NULL),
(15, 'MUFFIN CHOCO BANANE AU YAOURT (ENVIRON 10/12 PARTS)', 'en-cas', 'Pour servir: 1 à 2 muOns recommandés. Laissez refroidir légèrement. Les muOns\r\npeuvent se conserver 3 à 4 jours au frigo dans un Tupperware fermé hermétiquement (le\r\npasser 10 à 15 secondes au micro onde pour le déguster)', 'Préchauffer votre four à 180. Préparez les moules à muOn en silicone.\r\nDans un grand bol, mélanger la banane, le sucre, le fromage blanc brebis, l\'extrait de vanille\r\net les œufs. Mélanger jusqu\'à ce que les bananes soient entièrement réduites.\r\nDans un autre bol, les ingrédients secs : farine de seigle/avoine, whey protéine, le\r\nbicarbonate de soude, la levure, la cannelle et le sel.\r\nAjouter lentement le mélange sec dans le mélange humide, en ajoutant l\'équivalent ½\r\ntasse à la fois.\r\nUne fois entièrement mélangé, incorporer l\'équivalent d\' ¼ de tasse de noix et écrasé ¼ de\r\ntasse de brisures mini chocolat.\r\nEn utilisant la même tasse à mesurer, ajouter ¼ de tasse de pâte à chaque moule à muOn.\r\nGarnir chaque muOn avec le reste des pépites de chocolat et les noix.\r\nCuire 15-20 minutes, jusqu\'à ce que les muOns se lèvent bien tout en restant moelleux !', '2024-11-11 14:32:28', NULL, NULL, NULL),
(16, 'MUFFIN BANANE PROTÉINÉ (ENVIRON 8/10 PARTS)', 'en-cas', 'Pour servir : Suivre la quantité indiquée (de 1 à 3 muTns environs en fonction des\r\nbesoins) Faites refroidir légèrement pour déguster. Peut se conserver plusieurs jours au\r\nfrigo dans un Tupperware hermétique. (Possibilité de réchauffer le muTn une dizaine de\r\nsecondes au micro onde pour déguster).Faire préchauffer son four à 160/180°C\r\nÉcraser les bananes.\r\nMélanger progressivement tous les ingrédients jusqu\'à obtenir une texture souple et\r\nliquide. Ajouter à la Sn la pincée de sel, le bicarbonate de soude et un peu de levure.\r\nRemplir délicatement ses muTns au deux tiers des moules en silicone.\r\nEnfourner 10 à 15min en surveillant la cuisson sans ouvrir le four. C\'est bon quand les\r\nmuTns se lèvent ! :)\r\n\r\nPour la stevia, de 2 à 5 Gr suivant votre preferance.', 'Faire préchauffer son four à 160/180°C\r\nÉcraser les bananes.\r\nMélanger progressivement tous les ingrédients jusqu\'à obtenir une texture souple et\r\nliquide. Ajouter à la Sn la pincée de sel, le bicarbonate de soude et un peu de levure.\r\nRemplir délicatement ses muTns au deux tiers des moules en silicone.\r\nEnfourner 10 à 15min en surveillant la cuisson sans ouvrir le four. C\'est bon quand les\r\nmuTns se lèvent ! :)', '2024-11-11 14:38:27', NULL, NULL, NULL),
(17, 'SHAKER DE PROTÉINE (1 PERS)', 'en-cas', 'Pour servir : Pas besoin de laisser reposer, peut se servir avec une petite part de 3/4\r\noléagineux aux choix (type noix/amande/noisette).\r\n(Présence de gluten dans le parfum choc\'cookies)', 'Remplir son shaker d\'environ 250ml d\'eau (à convenance).\r\n30 g de Gold Whey Protéine\r\nVerser une dosette de poudre de protéine.\r\n3 / 4 g de noix / amandes / noisettes\r\nMélanger énergiquement pendant 5 à 10 secondes.', '2024-11-11 14:40:08', NULL, NULL, NULL),
(18, 'PORTION DE FRUIT', 'en-cas', 'Peut se consommer avec 3/4 oléagineux type noix/amande/noisettes', 'Sélectionner un type de fruit au choix.\r\nSuivre le grammage de chaque fruit pour connaître sa portion à manger seul en encas, une fois par jour (rappel : ne peut pas être combiné avec un autre encas recommandé 1 fois\r\npar jour).\r\nPossibilité de mixer les fruits en divisant les parts par le nombre de fruits sélectionnés\r\naPn de constituer une salade de fruits ;)', '2024-11-11 14:43:33', NULL, NULL, NULL),
(19, 'BANANE AMANDES ÉFFILÉES ET CHOCOLAT NOIR (1 PERS)', 'en-cas', NULL, 'Faire fondre le chocolat noir avec un peu d\'eau (quelques secondes au micro-ondes ou au bain marie)\r\nDécouper la banane.\r\nVerser le chocolat noir sur la banane et saupoudrer avec les amandes eMlées.', '2024-11-11 14:46:18', NULL, NULL, NULL),
(20, 'FROMAGE BLANC FRUITS ROUGES (1 PERS)', 'en-cas', 'Vous pouvez ajoutez dans le fromage blanc une cuillère de graines de chia pour booster la\r\nperte des graisses super-flues.', 'Ajouter le fromage blanc dans un petit bol, verser le sucre stevia et remuer.\r\nVerser les framboises encore congelées sur le fromage blanc (quelques myrtilles peuvent\r\nêtre consommées également). Saupoudrez avec les amandes eMlées (possibilité\r\nd\'alterner avec un carreau de chocolat noir ou des noix). Attendre quelques minutes et\r\ndéguster ! :)', '2024-11-11 14:48:29', NULL, NULL, NULL),
(21, 'TRANCHES DE JAMBON BLANC ET NOIX DU BRÉSIL (1 PERS)', 'en-cas', 'Pour les noix, de 2 à 4...', 'Rouler 2 tranches de jambon blanc (privilégier sans nitrate). Déguster avec quelques noix\r\ndu brésil, noix, noisettes, noix de cajou (Possibilité d\'ajouter un petit pain grillé ou une\r\ntartine de sarrasin si besoin).', '2024-11-11 14:49:58', NULL, NULL, NULL),
(22, 'FROZEN YOGURT MAISON (1 PERS)', 'low-carb', 'Pour servir : consommer dans la minute en saupoudrant de quelques copeaux d\'amandes et de noix de coco râpée.', 'Dans un robot, ajouter le fromage blanc 0% (soja pour le paléo), stick de sucre stevia et la dose de whey protéine. Lancer le mixeur puis ajouter progressivement les fruits\r\nsurgelés, l\'arôme vanille en goutte et le jus de citron vert.', '2024-11-11 15:09:58', NULL, NULL, NULL),
(23, 'BARRES PROTÉINÉES MAISON (5 PARTS) (1X PAR JOUR)', 'en-cas', NULL, 'Dans un mixeur, ajouter la gold whey (de préférence chocolat), les Iocons d\'avoine (ne pas\r\ndépasser 45g), baies de goji, pruneaux d\'Agen (ou dattes), noix, miel, crème et huile de\r\ncoco. Mixer le tout jusqu\'à obtenir une boule qui se tient.\r\nAplatir sur une plaque recouverte de papier sulfurisé (astuce : plier le papier cuisson pour\r\nvenir aplatir sur le dessus avec le dos d\'une spatule).\r\nEtaler par dessus le peanut butter, puis verser du chocolat noir fondu sur la préparation.\r\nPasser et faire durcir au frigo 2h (ou toute une nuit). Découper en petite part. C\'est prêt !', '2024-11-11 15:17:12', NULL, NULL, NULL),
(24, 'SMOOTHIE AVOCAT FRUIT ROUGES', 'en-cas', NULL, 'Ajouter tous les ingrédients dans le mixeur et environ la moitié du lait d\'amande. Mélanger pendant 1min. Puis ajouter le restant du lait progressivement jusqu\'à obtenir la texture souhaitée. Servir dans un grand verre en ajoutant une poignée de glaçons.', '2024-11-11 15:20:05', NULL, NULL, NULL),
(25, 'SMOOTHIE COCO MANGUE MELON', 'en-cas', NULL, 'Ajouter tous les ingrédients au mixeur et mélanger à pleine puissance pendant 1min avec la moitié de l\'eau de coco. Ajouter ensuite progressivement le restant de l\'eau jusqu\'à obtenir la texture souhaitée :) Servir dans un grand verre avec une poignée de glaçons.', '2024-11-11 15:23:28', NULL, NULL, NULL),
(26, 'MUFFIN OEUF CHORIZO (4 À 6 PARTS)', 'en-cas', 'Laisser refroidir pour déguster et placer au frigo dans un Tupperware pour les conserver plusieurs jours ! :)', 'Préchauffer le four à 180°C.\r\nÉplucher et hacher la courgette.\r\nMélanger tous les ingrédients dans un bol, saler/poivrer. Remplir les moules à muPn au\r\n2/3. Faire cuire au four environ 15min en surveillant, jusqu\'à ce que les muPns se lèvent et soient bien dorés.', '2024-11-11 15:26:59', NULL, NULL, NULL),
(27, 'SAUMON FUMÉ ET PAIN COMPLET', 'en-cas', NULL, 'Déposer sur un petit pain grillé le fromage blanc parfumé ciboulette et citron, puis le\r\nsaumon fumé.', '2024-11-11 15:30:22', NULL, NULL, NULL),
(28, 'FRAICHEUR TOMATE/OEUF', 'en-cas', NULL, 'Faire cuire les oeufs durs dans une casserole d\'eau bouillante environ 10min.\r\nTrancher la tomate en 2, puis la découper en 4/5 parties et insérer les oeufs durs\r\ndécoupés en lamelles.\r\nSaupoudrez de graines et d\'herbes de Provence. Apposer un petit Plet d\'huile d\'olive et\r\ndéguster :)', '2024-11-11 15:32:56', NULL, NULL, NULL),
(29, 'PROTÉIN BALL CHOCO-COCO MAISON (6 PARTS)', 'en-cas', NULL, 'Bien mixer tout les ingrédients sauf le chocolat noir.\r\nMalaxer et former des boules en roulant dans les mains.\r\nTremper dans un bol de chocolat noir fondu les boules et les recouvrir de chocolat à l\'aide de 2 fourchettes.\r\nPlacer au frigo pendant 2h pour faire durcir. Se conserve toute la semaine dans un Tupperware bien fermé !', '2024-11-11 15:35:58', NULL, NULL, NULL),
(30, 'FILET DE DINDE ET NOIX DE CAJOU', 'en-cas', NULL, 'Consommer en encas la quantité de Flet de dinde rôtie (ou de poulet si possible -25% de sel) avec la quantité de noix de cajou indiquée.', '2024-11-11 15:37:18', NULL, NULL, NULL),
(31, 'BROWNIE PROTÉINÉ (4 PARTS)', 'low-carb', NULL, 'Faire fondre le chocolat et l\'huile de coco (quelques secondes dans le micro-ondes).\r\nMixer l\'ensemble des ingrédients, former une boule et mettre quelques instants au frigo\r\naIn de faire durcir.\r\nA l\'aide d\'une feuille de papier sulfurisé, aplatir la boule et découper 4 parts.\r\nRemettre au frigo dans un Tupperware bien fermé aIn de rendre encore plus solide les\r\nbrownies et déguster chaque jour 1 part 1 fois par jour (ne pas additionner avec d\'autres\r\nencas indiqués 1 fois par jour)', '2024-11-11 15:41:52', NULL, NULL, NULL),
(32, 'COOKIES PROTÉINÉS (10 PARTS)', 'en-cas', 'Pour servir : La recette donne environ 10 petits cookies. La consommation équilibrée est\r\nde 2 à 3 cookies par prise une fois par jour (pour rappel : il ne faut pas cumuler les recettes préconisées 1 fois par jour). A consommer en les trempant dans un thé :)', 'Faire préchauffer le four à 180°C.\r\nPasser les amandes au mixeur pour réduire en poudre, inutile de mixer trop longtemps.\r\nMélanger l\'ensemble des ingrédients dans un bol sauf le chocolat (mettre l\'huile de coco et\r\nle beurre quelques secondes au micro-ondes). Concasser le chocolat noir (ou utiliser du\r\nchocolat noir de cuisine à fort pourcentage de cacao), puis incorporer les en dernier au\r\nmélange en remuant légèrement. La pâte doit être assez consistante.\r\nSur une feuille de papier sulfurisé, verser des petits tas de pâte aQn de former des petits\r\ncookies. Placer au four entre 10 et 15min aQn de faire dorer la préparation.', '2024-11-11 15:49:12', NULL, NULL, NULL),
(33, 'SMOOTHIE POST WORKOUT', 'low-carb', 'Smoothie idéal pour reconstituer ses réserves en post training.', 'Utiliser une protéine goût chocolat de préférence aFn de réaliser ce smoothie.\r\nPasser l\'ensemble au mixeur, ajuster la quantité et la texture avec un peu d\'eau. Servir au choix avec de la glace ou non :)', '2024-11-11 15:52:30', NULL, NULL, NULL),
(34, 'MAQUEREAU À LA MOUTARDE EN PAPILLOTE', 'low-carb', NULL, 'Couper les poireaux en 2 et les laver. Trancher en rondelles.\r\nFaire chauffer 3g d\'huile de coco et faire revenir les poireaux en remuant régulièrement\r\njusqu\'à atteindre une texture fondante (30min).\r\nDécouper et réserver la pulpe de pamplemousse et de citron. Mélanger ensemble avec le fromage blanc. Saler.\r\nDéposer les filets sur une feuille de papier aluminium, puis les remplir à laide de la sauce.\r\nEffectuer un trait de moutarde à l\'aide d\'une fourchette sur chaque Slet de maquereau.\r\nSaupoudrez d\'épices massales, salez et poivrez.\r\nFermez la papillote et enfourner pendant 20min à 200°.', '2024-11-15 09:50:36', NULL, NULL, NULL),
(35, 'CREVETTES AUX LÉGUMES THAÏ, CURRY CORIANDRE', 'low-carb', 'Si vous suivez le régime paléo ou sans gluten, utiliser de la sauce soja tamari de\r\npréférence', 'Faire chauffer les légumes dans un wok (poêlée de différents légumes thaïs surgelés\r\npossible).\r\nDans une poêle, faire chauffer l\'huile de coco, ajouter la moitié du lait de coco,\r\naccompagner avec du curry et de la sauce soja. Ajouter un peu d\'eau et laisser mijoter à\r\nfeux doux. Ajouter les crevettes et augmenter le feu. Une fois légèrement dorées, verser\r\nles crevettes dans le wok et ajouter le restant du lait de coco. Faire mijoter en ajoutant le piment. Servir avec la coriandre.', '2024-11-15 10:00:43', NULL, NULL, NULL),
(36, 'ROULÉ DE LOUP DE MER AUX LÉGUMES ET AU PESTO DE CORIANDRE', 'low-carb', 'Pour servir : Déroulez votre ballotin soigneusement, et servez rapidement avec un peu de pesto.', 'Épluchez les légumes. Coupez la courgette en rondelles et le poivron en lamelles. Blanchir les légumes (2\' dans l\'eau bouillante).\r\nDans une feuille de Olm alimentaire, étalez les courgettes sur un grand rectangle, recouvrir de poivron. Hachez l\'aneth et en déposer un peu sur les légumes. Salez et poivrez.\r\nDéposez les Olets de loup de mer et rouler le tout. Dans une casserole d\'eau bouillante,\r\nfaire cuire le rouleau pendant 8\'.\r\nPendant ce temps mettre tous les ingrédients du pesto au mixeur : amandes, citron vert, coriandre, huile d\'olive, basilic, sel et poivre, jusqu\'à obtenir une texture onctueuse. La recette de pesto est effectuée pour être resservi plusieurs fois .', '2024-11-15 10:06:21', NULL, NULL, NULL),
(37, 'POIVRONS FARCIS AU POULET ET AUX CHAMPIGNONS', 'low-carb', 'Si vous suivez le régime paléo ou sans gluten, utiliser de la sauce soja tamari de préférence.', 'Lavez les poivrons, coupez les en 2 et enlevez les pépins. Préchauffer le four à 200°C et enfournez les poivrons 20\'.\r\nPendant ce temps hachez les blancs de poulet. Dans une sauteuse faire suer les oignons avec l\'huile de coco puis ajouter les champignons coupés, l\'ail et le cumin et laissez cuire 4\'/5\'. Ajoutez la viande hachée, la sauce soja, les légumes (tomates/ courgettes), la purée de tomate et l\'origan, laissez mijoter 10 min.\r\nSortir les poivrons du four et les remplir avec la farce. Servir rapidement avec une petite\r\nsalade et 3/4 noix de cajou !', '2024-11-15 10:14:34', NULL, NULL, NULL),
(38, 'AIGUILLETTES DE POULET AU LAIT DE COCO', 'low-carb', 'Si vous suivez le régime paléo ou sans gluten, utiliser de la sauce soja tamari de\r\npréférence', 'Découper le blanc de poulet en ôtant les parties grasses blanches, former librement des petites aiguillettes, ajouter les carottes finement découpées.\r\nFaire dorer le tout dans une poêle à feu moyen 6/8 min. Assaisonner avec paprika, curcuma, sel / poivre.\r\nDécouper les champignons en 4, laver à l\'eau (possibles surgelés ou champignons\r\nprédécoupés).\r\nDans une autre poêle, faire revenir les champignons à feu moyen pendant 4/5min (vous pouvez augmenter la quantité de champignon à convenance), puis ajouter le lait de coco, la sauce soja, assaisonner et baisser le feu.\r\nIncorporer les aiguillettes puis laisser mijoter à feux doux pendant 10 à 15min en remuant régulièrement si besoin pour surveiller la sauce (peut se cuisiner dans le même wok / poêle pour un gain d\'ustensile...)', '2024-11-15 10:20:04', NULL, NULL, NULL),
(39, 'POISSON PANÉ AUX NOIX AVEC SA POÊLÉE DE LÉGUMES AUX CÈPES', 'low-carb', 'Panure :\r\n- farine,\r\n- jaune d\'oeuf,\r\n- brisures de noix/noisettes/noix de pécan (5/6)', 'Préparer votre poêlée : éplucher vos légumes, les découpés en dés ou en lamelles à la\r\ntaille de votre convenance (temps de cuisson allongé si légumes épais) \r\nFaire revenir vos champignons et oignons dans l\'huile d\'olive puis incorporer vos légumes (surgelés possible !).\r\nLaisser cuire à feu moyen 8 à 10min.\r\nTremper successivement votre poisson blanc (salé et poivré) dans un jaune d\'oeuf, farine, brisure de noix, puis à nouveau dans la farine et le jaune d\'oeuf.\r\nCuire dans une poêle préalablement chauffée avec un soupçon d\'huile d\'olive à feux moyen pendant 10 à 12 min environ (veiller à ne pas noircir la panure).\r\nAjouter la coriandre aux légumes et décorer votre poisson une fois prêt avec une feuille.\r\nServir rapidement.', '2024-11-15 10:26:16', NULL, NULL, NULL),
(40, 'BEIGNET DE CREVETTES À LA COCO', 'low-carb', NULL, 'Préparer et décortiquer les crevettes si besoin..\r\nRépartir le blanc d\'oeuf et la farine de coco (autre farine possible) dans 2 récipients.\r\nFaire chauffer l\'huile de coco. Tremper délicatement les crevettes une à une dans le blanc d\'oeuf puis dans la farine de coco.\r\nFaire cuire les crevettes au fur et à mesure dans l\'huile chaude et faire dorer de chaque\r\ncôté en surveillant bien la cuisson. Une fois dorées, déposer les crevettes sur du papier\r\nabsorbant.\r\nServir rapidement avec de la mâche et des poivrons.', '2024-11-15 10:30:11', NULL, NULL, NULL),
(41, 'BROCHETTES DE POULET SAUCE PEANUT BUTTER', 'low-carb', 'Si vous suivez le régime paléo ou sans gluten, utiliser de la sauce soja tamari de\r\npréférence.', 'Découper les blancs de poulet (exemple pour les légumes : rondelle de courgette à utiliser\r\nsur les brochettes)\r\nCommencer à constituer la sauce en ajoutant dans un bol le miel, la sauce soja, le jus de\r\ncitron et le peanut butter. Diluer légèrement avec de l\'eau.\r\nVerser une partie de cette sauce sur les morceaux de poulet. Constituer des brochettes en\r\nalternant le poulet et la courgette.\r\nEnfourner les brochettes environ 15 min au four à 200°C.\r\nVerser le restant de la sauce dans une poêle, faire mijoter à feux doux quelques minutes\r\nen ajoutant la crème de coco et un peu d\'eau.\r\nRécolter et placer la sauce dans un petit bol.\r\nPour servir : Tremper le poulet ou verser un peu de sauce sur vos brochettes.\r\nAccompagner le tout avec le restant de légumes ou quelques tomates cerises.', '2024-11-15 10:37:26', NULL, NULL, NULL),
(42, 'BLANC DE POULET ÉPICÉ ET GALETTES AUX LÉGUMES VERTS', 'low-carb', NULL, 'Faire mariner quelques minutes ou toute la nuit le blanc de poulet (après avoir retiré les parties blanches) dans le mélange comprenant l\'huile d\'olive et les épices (peut être ajouté directement dans la poêle). Faire dorer chaque côté à feux moyen/fort puis baisser et laisser cuire 10 à 12min à feu moyen.\r\n\r\nDéposer directement les galettes de légumes surgelé (type brocolis et légumes verts) dans une autre poêle et cuire 5 à 7min chaque face à feu moyen', '2024-11-15 10:45:10', NULL, NULL, NULL),
(43, 'PANCAKES HEALTHY', 'petit-dejeuner', NULL, 'Bien faire chauffer un peu d\'huile de coco dans une poêle antiadhésive. Découper et écraser la demi-banane. Si pas de whey protéine, remplacer par environ 10g de farine et 30g de fromage blanc.\r\nMélanger tous les ingrédients (Tocons d\'avoine possible à la place du son) en réduisant bien la banane (gomme de guar optionnel). \r\nFaire dorer à feux doux environ 1min par face (astuces : c\'est bon quand ça bulle au dessus). \r\nC\'est prêt !\r\nServir avec en plus 1 bonne CàS de fromage blanc (environ 30g), 25g de fruits rouges et un fillet de sirop d\'agave (ou sirop spécial pancake walden farms à commander sur amazon).', '2024-11-15 11:12:34', NULL, NULL, NULL),
(47, 'PETIT DÉJEUNER MUESLI ET OEUFS BROUILLÉS', 'petit-dejeuner', NULL, 'Faire chauffer un peu d\'huile de coco dans une poêle.\r\nPréparer les mueslis en les arrosant de lait d\'amande (sans sucres ajoutés).\r\nBrouiller les oeufs dans la poêle en remuant régulièrement 4 à 6min.\r\nVerser un peu de sirop d\'agave au choix sur vos mueslis ou oeufs brouillés :)', '2024-11-15 14:44:06', NULL, NULL, NULL),
(48, 'OVERNIGHT OATMEAL', 'petit-dejeuner', 'Pour servir : déguster l\'avoine devenu crémeux le matin, en servant avec quelques graines et amandes sur le dessus.', 'Découper la portion de pomme en petits carrés. Bien mélanger l\'ensemble jusqu\'à obtenir une consistance liquide. \r\nMettre au frigo toute la nuit.', '2024-11-15 15:06:31', NULL, NULL, NULL),
(49, 'CÉRÉALES MUESLI NOISETTES ET FROMAGE BLANC', 'petit-dejeuner', 'Attention ! \r\nCe petit déjeuner doit obligatoirement s\'accorder avec une collation shaker de protéine lors de la prise de l\'encas suivant.', 'Verser les mueslis dans un bol, ajouter le lait d\'amande Dans un autre petit bol, ajouter le fromage blanc 0%, puis les amandes éfilées.\r\nAgrémenter avec le sirop d\'agave au choix ou la moitié dans chaque bol. \r\nFinir le petit déjeuner avec un café ou un thé accompagné d\'un carreau de chocolat noir.', '2024-11-15 15:15:34', NULL, NULL, NULL),
(50, 'THIBAULT PORRIDGE EQUILIBRE', 'petit-dejeuner', 'Pour servir :\r\nAjouter en topping et faites parler votre création avec le tiers de banane, la coco râpée, les framboises, les amandes éfilées et le muesli bio (possibilité d\'utiliser une\r\npart de granola maison à la place du muesli et des amandes)', 'Dans un bol, verser les Kocons d\'avoine ajouter l\'eau puis passer environ 1min30 au micro onde.\r\nRemuer, ajouter le lait d\'amande, le sirop d\'agave, puis repasser 1min30 au micro onde. \r\nRemuer, ajouter l\'oeuf (en cas d\'allergie aux oeufs rajouter 5/10g de whey), la whey protéine (cookies en option) et enTn le cacao. Passer une dernière fois 30s à 1min au\r\nmicro onde.\r\n(Si pas de micro onde, il est possible de mélanger les ingrédients dans une casserolle à\r\nfeu doux)', '2024-11-15 15:21:31', NULL, NULL, NULL),
(52, 'JAMBON OEUFS BROUILLÉS FRUIT ET TARTINE DE MIEL', 'petit-dejeuner', NULL, 'Faire chauffer un soupçon d\'huile de coco ou d\'olive dans une poêle.\r\nEplucher la clémentine ou choisir un fruit équivalent : 1 kiwi, 2 abricots, 3/4 grosses fraises de saison, 1/2 banane, 1/2 pomme.\r\nPréparer le jambon (privilégier sans nitrate) et les tartines de miel.\r\nFaire cuire les oeufs à feu moyen en remuant régulièrement pour les obtenir brouillés', '2024-11-15 15:24:11', NULL, NULL, NULL),
(53, 'OEUFS BACON AUX ÉPINARDS ET FROMAGE BLANC \"LE PARFAIT\"', 'petit-dejeuner', NULL, 'Ajouter successivement dans la poêle et faire cuire à feux doux/moyen :\r\nL’huile, les oeufs, les feuilles d\'épinards, le bacon, remuer régulièrement puis ajouter le\r\nfromage blanc à la On de cuisson.\r\nAccompagner ce petit déjeuner par une clémentine et une compote de pomme.', '2024-11-15 15:26:02', NULL, NULL, NULL),
(54, 'PAIN COMPLET AVOCAT POULET ET ŒUF POCHÉ', 'petit-dejeuner', NULL, 'Superposer sur le pain complet :\r\nLe demi-avocat haché, le blanc de poulet (jambon tout à fait possible!), l\'oeuf poché.\r\nAccompagner librement avec un fruit au choix.\r\n\r\nOeuf poché : \r\nAstuces préparation ! Dans une casserole remplie d\'environ 10cm d\'eau frémissante, ajoutez 100ml de vinaigre, plongez un œuf 10secondes, le ressortir puis le\r\ncasser dans l\'eau. \r\nLaisser cuire exactement 3min, so', '2024-11-15 15:28:36', NULL, NULL, NULL),
(55, 'CHOCOLAT CHAUD AU LAIT DE NOISETTE ET TARTINES DE NUTELLA ALLÉGÉE', 'petit-dejeuner', NULL, '(Petit déjeuner autorisé seulement 2 fois dans la semaine, sans omettre les oeufs !)\r\n\r\nFaire chauffer un soupçon d\'huile de coco dans une poêle.\r\nVerser le lait de noisette dans un bol, faire chauffer 1min à 1min30 au micro ondes, ajouter le cacao et un sachet de sucre stevia (une demi càc), puis remuer.\r\nCasser les oeufs dans la poêle puis les brouiller en remuant régulièrement à feux moyen 5 à 6 min.\r\nEtaler le Nutella (de préférence pâte à a tartiner chocolat noir ou pâte à tartiner allégée, à retrouver en rayon ou magasin bio) sur les tartines de sarrasin.\r\nC\'est prêt :)', '2024-11-15 15:32:28', NULL, NULL, NULL),
(56, 'OEUFS MOLLETS ET TARTINES CRAQUANTES', 'petit-dejeuner', NULL, 'Remplir une casserole d\'eau, faire frémir l\'eau à feux fort puis poser délicatement les oeufs une fois ébullition, baisser à feux moyen/fort pendant la cuisson des oeufs. Récupérer les oeufs au bout de 5 à 8min pour les obtenir mollets. Passer les oeufs sous l\'eau froide, faire\r\nrouler pour casser la coquille et retirer sous l\'eau.\r\nÉtaler miel et peanut butter sur les petits pains grillés.\r\n\r\nServir avec une part de fruits de saison.', '2024-11-15 15:34:44', NULL, NULL, NULL),
(57, 'RISOTTO AU STEAK DE SOJA', 'post-training', NULL, 'Peler et couper l’oignon en petits dés. Faire tremper les steaks de soja dans 500 ml de bouillon de légumes.\r\n\r\nLaver les poivrons, retirer les pédoncules, les graines et les parties blanches et les couper aussi en dés.\r\n\r\nLaver et essorer le romarin et détacher les aiguilles des tiges.\r\n\r\nFaire suer l’oignon dans l’huile jusqu’à ce qu’il devienne translucide. Ajouter les dés de soja et les faire frire sur tous les côtés.\r\n\r\nFaire cuire rapidement les poivrons.\r\n\r\nAjouter le riz au soja et le faire revenir jusqu’à ce qu’il devienne translucide, sans le laisser dorer.\r\n\r\nDans un bol, mélanger le vin rouge, le paprika, le curry et le concentré de tomates jusqu’à ce que le mélange soit lisse et verser sur le riz et le soja.\r\n\r\nLaisser mijoter à feu moyen, en remuant fréquemment et jusqu’à ce que le riz ait absorbé la quasi-totalité du liquide.\r\n\r\nAjouter maintenant le romarin. Verser 2 louches de bouillon de légumes et laisser cuire le risotto à feu moyen et à découvert, en remuant fréquemment.\r\n\r\nAjouter peu à peu le reste du bouillon et laisser cuire le risotto environ 20 minutes, jusqu’à ce qu’il soit crémeux mais encore al dente.\r\n\r\nPendant ce temps, verser les petits pois dans une passoire et égoutter.\r\n\r\nÀ la Vn du temps de cuisson, retirer le risotto du feu, saler et poivrer, puis mélanger avec les petits pois', '2024-11-15 15:41:33', NULL, NULL, NULL),
(58, 'PÂTES CARBONARA HEALTHY', 'post-training', NULL, '(Repas à accorder avec une collation en shaker de protéine de préférence pour un max de réussite)\r\n\r\nFaire chauffer une casserole d\'eau salée remplie au deux tiers.\r\n\r\nDans une poêle, faire revenir les oignons et les champignons dans l\'huile d\'olive à feux moyen. Ajouter le lait de coco (un peu d\'eau à convenance possible), la sauce soja, baisser le feu pour laisser mijoter pendant 10min.\r\n\r\nAjouter les pâtes complètes dans la casserole d\'eau bouillante, surveillez la cuisson (environ 10min).\r\n\r\nDécoupés le jambon et le bacon en dés. Dans une autre poêle, faire chauffer le jambon à feux vif en remuant régulièrement pendant 5min, puis ajouter le bacon et faire chauffer encore 2/3 min.\r\n\r\nIncorporer les dés de jambon et de bacon dans la poêle contenant le lait de coco, saler et poivrer généreusement, laisser mijoter 2/3min.\r\n\r\nEgoutter les pâtes, puis verser la sauce carbonara healthy sur les pâtes. Saupoudrer de fromage de brebis râpé. Bon appétit ! ;)', '2024-11-15 15:46:00', NULL, 'pates-facon-carbonara-healthy-de-thibault-geoffray-6737abc19da6f759764441.png', '2024-11-15 20:14:57'),
(59, 'POULET RÔTI AUX OIGNONS PATATES DOUCES ET CHAMPIGNONS', 'post-training', NULL, 'Préparer le poulet en ajoutant les épices et plantes à l\'intérieur. Utiliser un grand plat ou la plaque du four, poser le poulet, saler poivrer, ajouter quelques épices sur le dessus accompagnées du Mlet d\'huile d\'olive. Découper l\'oignon en 4 et les ajouter aux 4 coins du plat. \r\n\r\nLancer la cuisson pendant 50min à 200° en arrosant régulièrement le poulet avec de l\'eau ou le jus du plat. Eplucher et découper la patate douce en carré. Ajouter les au plat puis continuer la cuisson pendant encore 20min à 200°.\r\n\r\nPréparer ses champignons, découper les pieds sales, les nettoyer en les faisant tremper rapidement dans de l\'eau citronnée puis les égoutter. Les couper en 4 puis les ajouter à la cuisson pour 20min supplémentaire en baissant la température à 180°.\r\n\r\nAttendrir la viande en laissant cuire pendant enMn 15min à 120°. Servir en ajoutant quelques épices. Régalez vous ! :)', '2024-11-15 15:51:02', NULL, 'poulet-roti-6737ba6d7163a801710136.jpg', '2024-11-15 21:17:33'),
(60, 'POULET AUX ÉPINARDS, POMMES DE TERRE ET ORIGAN', 'post-training', NULL, 'Cuire les pommes de terre à l\'eau (environ 20min pour des petites pommes de terre) ou au micro-ondes (4min). Vérifiez la cuisson en plantant un couteau dans les patates et poursuivre la cuisson si besoin.\r\n\r\nDans un wok, faire revenir les oignons dans l\'huile de coco. Découper les blancs de poulet en dés et les ajouter aux oignons avec un peu de sauce coriander. Une fois le poulet cuit, ajoutez les épinards et les pommes de terre (laisser cuire quelques minutes). \r\nSaler, poivrer, ajouter de l\'origan et laisser mijoter pendant 10min.\r\n\r\nOeuf poché : Astuces préparation ! Dans une casserole remplie d\'environ 10cm d\'eau frémissante, ajoutez 100ml de vinaigre, plongez un œuf 10secondes, le ressortir puis le casser dans l\'eau. Laisser cuire exactement 3min, sortir l\'oeuf poché et laisser éponger sur un papier absorbant avant de le déposer sur le plat.\r\n\r\nServir rapidement', '2024-11-15 15:55:17', NULL, NULL, NULL),
(61, 'CAKES DE PATATES DOUCES, PERSIL, ET ŒUF AU PLAT', 'post-training', NULL, 'Préchauffer le four à 160°C\r\n\r\nPour les cakes de patate douce: cuire les patates douces découpées en cube dans une casserole d\'eau bouillante pendant environ 15minutes (vérifier la cuisson en plantant un couteau). \r\n\r\nUne fois cuit écraser la pomme de terre en purée avec du lait, 1 oeuf, le persil et la chapelure. \r\n\r\nAssaisonner avec le sel et le poivre et former en deux ou trois galettes.\r\n\r\nDans une poêle anti-adhésive, faire fondre l\'huile de noix de coco sur un feu moyen-élevé et faire dorer les cakes de pommes de terre des deux cotés. \r\n\r\nTransférer au four pour garder au chaud.\r\n\r\nPour la garniture: \r\nDans une casserole de taille moyenne, faire cuire doucement les oignons, l\'ail et le thym dans le beurre pendant 5-8 minutes jusqu\'à ce qu’à obtenir une texture douce. \r\n\r\nAjouter vos tomates (feuilles d\'épinard possibles) et faire cuire pendant 3-5 minutes.\r\n\r\nServir avec 2 oeufs au plat ! :)', '2024-11-15 20:21:00', NULL, NULL, NULL),
(62, 'SAUMON AU QUINOA', 'post-training', NULL, 'Faire chauffer une casserole d\'eau salée et faire cuire le quinoa dans l\'eau bouillante.\r\n\r\nFaire chauffer un peu d\'huile d\'olive dans 2 poêles.\r\n\r\nCuire à feu moyen le saumon en le retournant à mi-cuisson (5 à 8 min de chaque côté), arroser du jus de citron et assaisonner avec les herbes, sel et poivre (Ou poser le filet de poisson agrémenté dans une feuille de papier d\'alu, refermer la feuille puis faire cuir 20min au four à 200°C en papillote).\r\n\r\nFaire cuire la ratatouille (légumes libres : poivrons, tomates, carottes, un peu d\'oignon, courgette, surgelés possible) à feu moyen/vif.', '2024-11-15 20:29:50', NULL, NULL, NULL),
(63, 'POÊLÉE DE LÉGUMES FRAIS, POULET CURCUMA ET COMPOTE DE POMME', 'post-training', NULL, 'Faire chauffer 2 poêles avec l\'huile de coco.\r\n\r\nÉplucher, découper finement vos légumes, puis faire cuire les légumes dans les oignons légèrement fondu dans l\'huile de coco 10 à 12min en remuant régulièrement.\r\n\r\nRetirer les parties grasses (blanches) du poulet, découper en aiguillettes (cuisson plus rapidement), puis faire cuire à la poêle 8 à 10min. Ajouter le curcuma, sel et poivre.\r\n\r\nDécouper votre avocat, retirer le noyau, extraire 1/3 à 1/2 avocat pour ajouter au plat (possibilité d\'arroser avec un jus de citron pour éviter à l\'avocat de se noircir).\r\n\r\nAgrémenter le tout avec des tomates cerises.\r\n\r\nAjouter un dessert à la compote de pommes pour recharger en bons glucides post-entrainement.', '2024-11-15 20:35:47', NULL, NULL, NULL),
(64, 'PAËLLA QUICKLY MAISON', 'post-training', NULL, 'Préparez l\'ensemble des ingrédients, surgelés possible pour un gain de temps de préparation (n\'altère pas les vertus nutritives).\r\n\r\nDécouper le poulet en morceau (en enlevant les parties blanches), émincer le chorizo et les poivrons, hacher les oignons et l\'ail.\r\n\r\nDans une grande poêle, Faire chauffer l\'huile et faire dorer le poulet seulement quelques minutes. Retirer le poulet et faire revenir les poivrons. Ajoute l\'oignon, l\'ail, puis calamar.\r\n\r\nFaire chauffer 2/3 min et ajouter la sauce tomates, le safran, le sel et le poivre. Laisser cuire 3 à 5 min.\r\n\r\nIncorporer le chorizo, le poulet, le bouillon, les moules / crevettes, petit pois et le riz.\r\n\r\nPorter à ébullition. Puis laisser cuire environ 30min à feux doux en remuant de temps en temps.', '2024-11-15 20:46:03', NULL, NULL, NULL),
(65, 'SUSHI WRAP', 'post-training', NULL, 'Pour les wraps : Aligner sur le tortillas : le thon, l\'avocat, la sauce, les graines, puis les feuilles d\'épinards.\r\n\r\nRouler le tortillas, plier les coins, piquer des cure-dents tout au long de celui-ci, puis découper entre les cure-dents pour effectuer vos parts :)\r\n\r\nPour la sauce : mélanger huile d\'olive, moutarde, jaune d\'oeuf, sauce soja, presser un demi citron et saler/poivrer.\r\n\r\nPour servir : Avec quelques tomates cerises et verser le restant de la sauce sur les sushi wraps.', '2024-11-15 20:51:31', NULL, NULL, NULL),
(67, 'CHICKEN BURGER HEALHTY', 'post-training', NULL, 'Préparer la farce au poulet :\r\nPasser au mixeur ou à la main (en découpant finement) la quantité indiquée de blanc de poulet, de carotte, la gousse d\'ail, la moutarde, le persil, une càc d\'huile d\'olive, un petit pain grillé au blé complet (ou 1/2 pour ne pas rendre la farce trop sèche).\r\n\r\nSaler et poivrer généreusement, puis former votre farce de la forme de votre pain burger.\r\n\r\nFaire dorer la farce au poulet dans une touche d\'huile d\'olive, environ 5min par face à feu moyen (former une boulette ou deux supplémentaires si il reste du produit). \r\nPendant ce temps, mettre le four ou le toaster en marche pour y placer les pains juste avant le montage du burger.\r\n\r\nPréparer la sauce allégée : Mélanger le yaourt grecque (ou fromage blanc avec moins de 10% de matières grasses), le concentré de tomate, la purée de piment (ou épices piment + paprika fumé) en ajustant selon ses goûts. Saler légèrement, poivrer, ajouter du persil.\r\n\r\nPlacer au grill légèrement les pains burgers au blé complet environ 1min.\r\n\r\nMonter le burger : \r\nPain du dessous, farce de poulet, la sauce généreusement, feuilles de salades, quelques tranches de tomate, saupoudrer une dernière fois de persil, pain du dessus.\r\nPlus c\'est haut plus c\'est bon! :)', '2024-11-15 21:01:02', NULL, NULL, NULL),
(68, 'BOULETTE DE POULET CURRY COCO', 'post-training', NULL, 'Mettre tous les ingrédients (sauf les légumes et riz d\'accompagnement) dans le mixeur sauf la crème de coco, puis constituer des petites boulettes. Faire dorer 3 minutes de chaque côté puis recouvrir pour laisser cuire 5 à 10min.\r\n\r\nFaire revenir la crème de coco à la poêle puis la verser sur les boulettes bien chaudes.\r\n\r\nPour servir :\r\nAccompagner avec les légumes types haricots verts et le riz.', '2024-11-15 21:10:06', NULL, NULL, NULL),
(70, 'FROZEN YOGURT MAISON', 'en-cas', NULL, 'Dans un robot, ajouter le fromage blanc 0% (soja pour le paléo), stick de sucre stevia et la dose de whey protéine. Lancer le mixeur puis ajouter progressivement les fruits\r\nsurgelés, l\'arôme vanille en goutte et le jus de citron vert.\r\n\r\nPour servir :\r\nConsommer dans la minute en saupoudrant de quelques copeaux d\'amandes et de noix de coco râpée.', '2024-11-15 21:24:08', NULL, NULL, NULL),
(71, 'BARRES PROTÉINÉES MAISON (5 PARTS)', 'en-cas', NULL, 'Dans un mixeur, ajouter la gold whey (de préférence chocolat), les flocons d\'avoine (ne pas dépasser 45g), baies de goji, pruneaux d\'Agen (ou dattes), noix, miel, crème et huile de coco. \r\n\r\nMixer le tout jusqu\'à obtenir une boule qui se tient.\r\n\r\nAplatir sur une plaque recouverte de papier sulfurisé (astuce : plier le papier cuisson pour venir aplatir sur le dessus avec le dos d\'une spatule).\r\n\r\nEtaler par dessus le peanut butter, puis verser du chocolat noir fondu sur la préparation.\r\n\r\nPasser et faire durcir au frigo 2h (ou toute une nuit). Découper en petite part. C\'est prêt !', '2024-11-15 21:27:45', NULL, NULL, NULL),
(72, 'SMOOTHIE AVOCAT FRUIT ROUGES', 'en-cas', NULL, 'Ajouter tous les ingrédients dans le mixeur et environ la moitié du lait d\'amande. Mélanger pendant 1min.\r\n\r\nPuis ajouter le restant du lait progressivement jusqu\'à obtenir la texture souhaitée.\r\n\r\nServir dans un grand verre en ajoutant une poignée de glaçons.', '2024-11-15 21:41:12', NULL, NULL, NULL);

-- --------------------------------------------------------

--
-- Structure de la table `repas_ingredient`
--

CREATE TABLE `repas_ingredient` (
  `repas_id` int(11) NOT NULL,
  `ingredient_id` int(11) NOT NULL
) ENGINE=InnoDB DEFAULT CHARSET=utf8mb4 COLLATE=utf8mb4_unicode_ci;

--
-- Index pour les tables déchargées
--

--
-- Index pour la table `doctrine_migration_versions`
--
ALTER TABLE `doctrine_migration_versions`
  ADD PRIMARY KEY (`version`);

--
-- Index pour la table `ingredient`
--
ALTER TABLE `ingredient`
  ADD PRIMARY KEY (`id`);

--
-- Index pour la table `ingredient_quantite`
--
ALTER TABLE `ingredient_quantite`
  ADD PRIMARY KEY (`id`),
  ADD KEY `IDX_F9F41AF7933FE08C` (`ingredient_id`),
  ADD KEY `IDX_F9F41AF71D236AAA` (`repas_id`);

--
-- Index pour la table `liste_courses`
--
ALTER TABLE `liste_courses`
  ADD PRIMARY KEY (`id`),
  ADD KEY `IDX_189FC21D933FE08C` (`ingredient_id`);

--
-- Index pour la table `messenger_messages`
--
ALTER TABLE `messenger_messages`
  ADD PRIMARY KEY (`id`),
  ADD KEY `IDX_75EA56E0FB7336F0` (`queue_name`),
  ADD KEY `IDX_75EA56E0E3BD61CE` (`available_at`),
  ADD KEY `IDX_75EA56E016BA31DB` (`delivered_at`);

--
-- Index pour la table `planning`
--
ALTER TABLE `planning`
  ADD PRIMARY KEY (`id`),
  ADD KEY `IDX_D499BFF67785E153` (`petit_dejeuner_id`),
  ADD KEY `IDX_D499BFF673943D93` (`encas_matin_id`),
  ADD KEY `IDX_D499BFF668482329` (`dejeuner_id`),
  ADD KEY `IDX_D499BFF6F58165D0` (`encas_apres_midi_id`),
  ADD KEY `IDX_D499BFF614B79A3C` (`diner_id`);

--
-- Index pour la table `repas`
--
ALTER TABLE `repas`
  ADD PRIMARY KEY (`id`);

--
-- Index pour la table `repas_ingredient`
--
ALTER TABLE `repas_ingredient`
  ADD PRIMARY KEY (`repas_id`,`ingredient_id`),
  ADD KEY `IDX_CC79FC391D236AAA` (`repas_id`),
  ADD KEY `IDX_CC79FC39933FE08C` (`ingredient_id`);

--
-- AUTO_INCREMENT pour les tables déchargées
--

--
-- AUTO_INCREMENT pour la table `ingredient`
--
ALTER TABLE `ingredient`
  MODIFY `id` int(11) NOT NULL AUTO_INCREMENT, AUTO_INCREMENT=1142;

--
-- AUTO_INCREMENT pour la table `ingredient_quantite`
--
ALTER TABLE `ingredient_quantite`
  MODIFY `id` int(11) NOT NULL AUTO_INCREMENT, AUTO_INCREMENT=607;

--
-- AUTO_INCREMENT pour la table `liste_courses`
--
ALTER TABLE `liste_courses`
  MODIFY `id` int(11) NOT NULL AUTO_INCREMENT;

--
-- AUTO_INCREMENT pour la table `messenger_messages`
--
ALTER TABLE `messenger_messages`
  MODIFY `id` bigint(20) NOT NULL AUTO_INCREMENT;

--
-- AUTO_INCREMENT pour la table `planning`
--
ALTER TABLE `planning`
  MODIFY `id` int(11) NOT NULL AUTO_INCREMENT, AUTO_INCREMENT=2;

--
-- AUTO_INCREMENT pour la table `repas`
--
ALTER TABLE `repas`
  MODIFY `id` int(11) NOT NULL AUTO_INCREMENT, AUTO_INCREMENT=73;

--
-- Contraintes pour les tables déchargées
--

--
-- Contraintes pour la table `ingredient_quantite`
--
ALTER TABLE `ingredient_quantite`
  ADD CONSTRAINT `FK_F9F41AF71D236AAA` FOREIGN KEY (`repas_id`) REFERENCES `repas` (`id`),
  ADD CONSTRAINT `FK_F9F41AF7933FE08C` FOREIGN KEY (`ingredient_id`) REFERENCES `ingredient` (`id`);

--
-- Contraintes pour la table `liste_courses`
--
ALTER TABLE `liste_courses`
  ADD CONSTRAINT `FK_189FC21D933FE08C` FOREIGN KEY (`ingredient_id`) REFERENCES `ingredient` (`id`) ON DELETE SET NULL;

--
-- Contraintes pour la table `planning`
--
ALTER TABLE `planning`
  ADD CONSTRAINT `FK_D499BFF614B79A3C` FOREIGN KEY (`diner_id`) REFERENCES `repas` (`id`),
  ADD CONSTRAINT `FK_D499BFF668482329` FOREIGN KEY (`dejeuner_id`) REFERENCES `repas` (`id`),
  ADD CONSTRAINT `FK_D499BFF673943D93` FOREIGN KEY (`encas_matin_id`) REFERENCES `repas` (`id`),
  ADD CONSTRAINT `FK_D499BFF67785E153` FOREIGN KEY (`petit_dejeuner_id`) REFERENCES `repas` (`id`),
  ADD CONSTRAINT `FK_D499BFF6F58165D0` FOREIGN KEY (`encas_apres_midi_id`) REFERENCES `repas` (`id`);

--
-- Contraintes pour la table `repas_ingredient`
--
ALTER TABLE `repas_ingredient`
  ADD CONSTRAINT `FK_CC79FC391D236AAA` FOREIGN KEY (`repas_id`) REFERENCES `repas` (`id`) ON DELETE CASCADE,
  ADD CONSTRAINT `FK_CC79FC39933FE08C` FOREIGN KEY (`ingredient_id`) REFERENCES `ingredient` (`id`) ON DELETE CASCADE;
COMMIT;

/*!40101 SET CHARACTER_SET_CLIENT=@OLD_CHARACTER_SET_CLIENT */;
/*!40101 SET CHARACTER_SET_RESULTS=@OLD_CHARACTER_SET_RESULTS */;
/*!40101 SET COLLATION_CONNECTION=@OLD_COLLATION_CONNECTION */;
